Area,Year,Pop,Bovine Production,Pig Production,Poultry Production,Bovine Price,Poultry Price,Pig Price,Emissions
Argentina,1991,33079.0,2918.0,142.0,411.0,3.66,9.65,4.82,123797.0043
Argentina,1992,33529.326,2784.0,157.0,498.0,4.6,9.57,6.59,125478.4229
Argentina,1993,33970.111,2808.0,230.0,713.0,4.01,10.01,5.83,123486.8655
Argentina,1994,34402.672,2783.0,230.0,753.0,3.91,9.77,6.09,125037.5721
Argentina,1995,34828.17,2688.0,211.0,817.0,3.96,9.52,6.15,124291.0892
Argentina,1996,35246.374,2694.0,180.0,790.0,4.21,10.01,6.97,121514.1827
Argentina,1997,35657.429,2712.0,161.0,823.0,4.72,8.82,7.54,120920.9979
Argentina,1998,36063.459,2469.0,184.0,930.0,5.48,7.76,6.47,117550.8476
Argentina,1999,36467.218,2720.0,215.0,983.0,4.12,6.74,4.82,120093.7162
Argentina,2000,36870.787,2718.0,214.0,1000.0,4.5,6.74,4.94,122254.9484
Argentina,2001,37275.652,2461.0,198.0,993.0,3.97,6.64,5.07,121363.6451
Argentina,2002,37681.749,2493.0,165.0,742.0,7.89,11.5,9.89,125288.2818
Argentina,2003,38087.868,2658.0,150.0,781.0,9.87,26.47,13.95,135678.4092
Argentina,2004,38491.972,3024.0,160.0,909.0,9.92,19.59,13.6,136899.1923
Argentina,2005,38892.931,3131.0,185.0,1053.0,11.47,19.96,13.88,136478.2809
Argentina,2006,39289.878,3034.0,230.0,1202.0,11.15,17.24,14.47,139872.1149
Argentina,2007,39684.295,3224.0,240.0,1288.0,11.77,21.96,16.61,142662.1991
Argentina,2008,40080.16,3132.0,274.0,1445.0,13.35,23.56,20.17,140063.2322
Argentina,2009,40482.788,3378.0,289.0,1546.0,14.26,23.5,19.87,129574.5253
Argentina,2010,40895.752,2630.0,279.0,1643.0,29.85,37.4,29.59,121611.6489
Argentina,2011,41320.5,2499.0,301.0,1825.0,40.2,44.4,36.21,121677.9352
Argentina,2012,41755.196,2594.0,331.0,1949.0,41.74,45.71,45.46,124028.4098
Argentina,2013,42196.03,2822.0,416.0,1967.0,46.36,57.44,47.83,126974.3331
Argentina,2014,42637.511,2674.0,442.0,1981.0,70.32,81.35,69.67,128157.384
Argentina,2015,43075.416,2727.0,483.0,2138.0,92.74,95.58,103.51,127583.166
Argentina,2016,43508.46,2644.0,522.0,2100.0,136.94,118.65,126.82,131614.8793
Argentina,2017,43937.14,2845.0,566.0,2162.0,139.71,150.41,155.68,138053.8128
Argentina,2018,44361.15,3066.0,621.0,2115.0,181.35,264.13,206.7,136001.5824
Australia,1991,17189.24,1760.0,312.0,417.0,69.31,125.46,85.22,180409.1433
Australia,1992,17402.173,1791.0,336.0,443.0,66.92,115.89,75.5,176820.534
Australia,1993,17603.205,1826.0,328.0,464.0,64.84,109.62,73.71,174192.0695
Australia,1994,17798.529,1825.0,344.0,489.0,74.1,112.92,71.52,175903.2984
Australia,1995,17993.074,1803.0,351.0,489.0,69.63,110.34,66.46,172879.1979
Australia,1996,18189.277,1745.0,334.0,507.0,57.66,104.71,65.31,160690.2662
Australia,1997,18387.214,1810.0,344.0,589.0,54.69,100.37,88.15,159302.6314
Australia,1998,18587.021,1955.0,369.0,631.0,61.06,101.01,76.24,166154.3933
Australia,1999,18788.186,2011.0,362.0,607.0,64.65,96.03,71.81,197604.4517
Australia,2000,18991.431,1988.0,364.0,643.0,73.03,90.32,84.01,214798.9413
Australia,2001,19194.672,2119.0,365.0,641.0,88.03,90.08,86.72,233279.2622
Australia,2002,19401.368,2028.0,407.0,687.0,102.08,92.97,94.2,218750.6024
Australia,2003,19624.166,2073.0,419.0,713.0,88.72,97.23,83.61,139577.5379
Australia,2004,19879.649,2033.0,395.0,716.0,96.79,103.91,83.44,183692.4367
Australia,2005,20178.54,2162.0,391.0,781.0,108.07,96.51,89.77,140733.9981
Australia,2006,20526.303,2077.0,386.0,805.0,109.58,85.09,88.21,178425.2997
Australia,2007,20916.344,2226.0,382.0,859.0,105.92,85.89,95.23,168483.5635
Australia,2008,21332.282,2132.0,360.0,839.0,99.43,109.78,92.07,135467.0284
Australia,2009,21750.851,2124.0,321.0,872.0,101.01,120.07,114.91,142504.224
Australia,2010,22154.679,2110.0,336.0,921.0,98.61,114.69,111.29,118677.7408
Australia,2011,22538.001,2128.0,343.0,1055.0,108.0,110.1,103.58,223191.4233
Australia,2012,22903.948,2129.0,349.0,1076.0,108.38,108.49,102.71,222089.1559
Australia,2013,23254.913,2318.0,361.0,1098.0,101.89,104.79,101.16,141279.0343
Australia,2014,23596.424,2595.0,362.0,1142.0,100.57,104.23,99.43,163011.3172
Australia,2015,23932.502,2662.0,371.0,1155.0,99.43,96.27,98.63,154527.4268
Australia,2016,24262.712,2316.0,378.0,1233.0,95.84,99.5,101.94,122488.6166
Australia,2017,24584.62,2069.0,397.0,1271.0,98.36,100.96,103.43,165797.635
Australia,2018,24898.152,2238.0,417.0,1235.0,96.06,102.17,104.67,162188.5526
Austria,1991,7772.701,236.0,517.0,93.0,91.91,125.44,128.76,10191.9465
Austria,1992,7830.933,247.0,527.0,99.0,90.54,123.42,129.56,9951.7227
Austria,1993,7892.086,223.0,538.0,102.0,90.3,123.28,117.37,9584.5058
Austria,1994,7947.209,212.0,598.0,103.0,90.82,122.61,118.08,9468.9885
Austria,1995,7990.121,196.0,466.0,99.0,74.95,77.33,94.64,9034.8608
Austria,1996,8017.863,221.0,481.0,98.0,67.81,76.11,103.39,9064.3489
Austria,1997,8032.876,206.0,489.0,103.0,69.13,75.1,111.24,8924.2209
Austria,1998,8041.05,197.0,508.0,106.0,75.44,76.86,78.71,8734.755
Austria,1999,8051.113,203.0,520.0,105.0,72.94,73.35,73.29,8674.7847
Austria,2000,8069.276,203.0,502.0,111.0,74.51,72.54,91.85,8492.0991
Austria,2001,8097.748,215.0,488.0,113.0,63.82,75.44,110.35,8450.736
Austria,2002,8134.412,212.0,511.0,113.0,69.69,74.84,87.59,8266.5844
Austria,2003,8175.852,208.0,506.0,113.0,70.22,74.19,81.04,8013.553
Austria,2004,8216.805,206.0,516.0,120.0,70.22,74.47,90.86,7919.8629
Austria,2005,8253.65,204.0,509.0,120.0,79.05,74.74,93.32,7895.887
Austria,2006,8285.343,216.0,505.0,115.0,81.96,74.74,97.41,7774.9267
Austria,2007,8313.737,218.0,531.0,124.0,79.29,75.86,88.73,7649.4014
Austria,2008,8341.532,224.0,526.0,125.0,85.06,83.29,102.07,7760.0048
Austria,2009,8372.663,226.0,540.0,125.0,83.2,85.05,92.66,7642.4423
Austria,2010,8409.949,227.0,546.0,134.0,84.25,85.05,92.01,7764.4627
Austria,2011,8453.501,222.0,544.0,138.0,94.12,86.72,101.34,7784.616
Austria,2012,8502.227,222.0,530.0,134.0,102.46,85.79,114.02,7720.7886
Austria,2013,8556.189,229.0,529.0,131.0,100.79,100.0,113.62,7676.409
Austria,2014,8615.214,223.0,527.0,135.0,97.89,100.0,105.68,7766.4403
Austria,2015,8678.66,230.0,529.0,137.0,102.13,100.0,95.12,7761.5298
Austria,2016,8747.301,228.0,515.0,147.0,99.98,100.0,99.21,7777.2243
Austria,2017,8819.901,227.0,508.0,148.0,103.46,100.0,109.77,7718.2231
Austria,2018,8891.388,234.0,510.0,152.0,103.7,97.86,99.21,7539.0632
Belarus,2000,9871.632,213.0,302.0,76.0,1.79,5.3,2.99,20445.5367
Belarus,2001,9811.401,231.0,303.0,85.0,3.18,8.31,5.42,20173.6806
Belarus,2002,9745.923,227.0,301.0,85.0,5.09,12.39,7.02,19553.1575
Belarus,2003,9679.235,211.0,301.0,87.0,5.5,14.37,7.68,19552.7473
Belarus,2004,9616.634,224.0,299.0,102.0,7.41,19.37,10.33,19497.5647
Belarus,2005,9562.088,256.0,321.0,116.0,9.15,23.9,13.08,19827.1314
Belarus,2006,9516.883,272.0,346.0,146.0,10.15,26.52,13.78,20237.7725
Belarus,2007,9480.515,274.0,372.0,166.0,11.72,30.61,14.65,20052.3693
Belarus,2008,9452.855,269.0,376.0,193.0,15.48,40.44,17.62,20466.5798
Belarus,2009,9433.152,308.0,388.0,220.0,18.06,47.17,19.34,20874.6144
Belarus,2010,9420.574,308.0,398.0,260.0,22.26,27.93,21.1,20766.9796
Belarus,2011,9415.32,298.0,419.0,299.0,42.08,39.47,35.98,21316.957
Belarus,2012,9417.046,293.0,443.0,353.0,93.6,73.23,74.62,21407.3443
Belarus,2013,9423.506,316.0,469.0,385.0,97.02,82.89,74.73,21340.0133
Belarus,2014,9431.735,296.0,360.0,414.0,93.81,88.67,92.02,20962.819
Belarus,2015,9439.423,339.0,362.0,444.0,98.6,104.29,102.46,20885.6764
Belarus,2016,9445.643,327.0,384.0,458.0,107.59,107.04,105.51,20071.8594
Belarus,2017,9450.231,317.0,400.0,463.0,110.03,108.74,116.28,20537.9881
Belarus,2018,9452.617,326.0,397.0,466.0,121.4,113.88,120.28,20330.9415
Belgium,2000,10282.033,275.0,1042.0,407.0,59.75,80.78,116.35,10804.2554
Belgium,2001,10319.019,285.0,1062.0,413.0,43.33,87.49,137.41,10662.5809
Belgium,2002,10364.885,305.0,1041.0,467.0,51.67,73.8,111.06,11102.2914
Belgium,2003,10419.032,275.0,1026.0,430.0,79.6,83.09,102.74,10670.3186
Belgium,2004,10480.117,281.0,1054.0,473.0,80.0,82.08,113.6,10501.4092
Belgium,2005,10546.886,267.0,1013.0,454.0,82.54,87.01,113.41,10346.0499
Belgium,2006,10619.475,287.0,1001.0,484.0,92.52,78.47,112.96,10191.8716
Belgium,2007,10697.572,288.0,1061.0,454.0,91.44,96.07,97.71,10168.3501
Belgium,2008,10778.758,285.0,1056.0,336.0,91.38,99.59,112.05,10047.7943
Belgium,2009,10859.94,262.0,1082.0,361.0,92.74,92.21,100.62,10185.8959
Belgium,2010,10938.739,282.0,1124.0,404.0,94.53,96.55,98.48,10216.6535
Belgium,2011,11013.853,272.0,1108.0,403.0,100.03,104.4,107.51,10117.8158
Belgium,2012,11085.358,262.0,1110.0,411.0,104.39,103.68,121.78,9968.8563
Belgium,2013,11154.009,250.0,1131.0,389.0,108.18,106.28,119.07,9849.9683
Belgium,2014,11221.231,258.0,1118.0,433.0,108.97,102.86,106.82,10021.6774
Belgium,2015,11287.94,268.0,1124.0,453.0,97.57,100.61,93.69,10127.4881
Belgium,2016,11354.42,278.0,1061.0,461.0,93.45,96.54,99.49,9966.5884
Belgium,2017,11419.748,282.0,1045.0,463.0,93.65,96.33,110.06,9677.5752
Belgium,2018,11482.178,277.0,1073.0,470.0,90.58,97.68,91.64,9768.925
Brazil,1991,151648.011,4511.0,1200.0,2704.0,0.0,0.0,0.0,369968.8807
Brazil,1992,154259.38,4716.0,1260.0,2957.0,0.01,0.02,0.03,376318.2835
Brazil,1993,156849.078,4807.0,1500.0,3235.0,0.29,0.54,0.5,377891.215
Brazil,1994,159432.716,5136.0,1700.0,3512.0,6.34,12.9,12.15,386140.9209
Brazil,1995,162019.896,5710.0,1800.0,4154.0,8.46,15.84,17.58,392578.4469
Brazil,1996,164614.688,6187.0,1900.0,4152.0,8.04,18.22,16.2,373199.3077
Brazil,1997,167209.04,5922.0,2050.0,4571.0,8.78,18.33,19.67,381482.821
Brazil,1998,169785.25,5794.0,2400.0,4969.0,9.43,19.2,18.86,392308.4346
Brazil,1999,172318.675,6413.0,2400.0,5647.0,11.29,20.89,21.08,394580.2367
Brazil,2000,174790.34,6579.0,2600.0,6125.0,13.39,22.57,25.19,399643.371
Brazil,2001,177196.054,6824.0,2637.0,6380.0,14.76,23.91,26.46,418506.7442
Brazil,2002,179537.52,7139.0,2798.0,7239.0,16.38,23.9,25.99,443448.2457
Brazil,2003,181809.246,7230.0,3059.0,7967.0,19.17,28.4,33.41,462516.9697
Brazil,2004,184006.481,7774.0,3110.0,8895.0,19.89,38.75,42.2,486893.0099
Brazil,2005,186127.103,8592.0,2800.0,8148.0,19.04,39.86,44.9,492374.8081
Brazil,2006,188167.356,9020.0,2830.0,8462.0,18.53,36.89,37.7,482784.417
Brazil,2007,190130.443,9303.0,2990.0,9391.0,23.38,43.18,46.55,492035.005
Brazil,2008,192030.362,9024.0,3015.0,10688.0,29.15,44.15,55.25,483098.8844
Brazil,2009,193886.508,8935.0,3130.0,10414.0,29.27,44.71,55.29,482983.1196
Brazil,2010,195713.635,9115.0,3195.0,11185.0,30.39,43.05,63.12,514335.4053
Brazil,2011,197514.536,9030.0,3227.0,11919.0,69.21,55.17,69.75,511536.4725
Brazil,2012,199287.299,9307.0,3330.0,12053.0,68.75,68.97,73.08,512411.8653
Brazil,2013,201035.912,9675.0,3280.0,12915.0,71.14,91.81,90.71,507966.015
Brazil,2014,202763.739,9723.0,3193.0,12982.0,87.22,105.32,97.99,517109.036
Brazil,2015,204471.769,9425.0,3431.0,13637.0,103.78,111.15,104.19,519881.4594
Brazil,2016,206163.053,9284.0,3711.0,13778.0,109.0,83.53,97.82,525682.5707
Brazil,2017,207833.823,9550.0,3825.0,14168.0,103.15,67.61,92.56,528425.858
Brazil,2018,209469.323,9900.0,3763.0,13938.0,88.23,88.27,79.18,517623.3312
Canada,1991,27888.81,866.0,1096.0,737.0,49.5,73.66,92.16,48283.4026
Canada,1992,28224.409,899.0,1208.0,739.0,48.97,72.39,85.53,49490.4068
Canada,1993,28547.967,860.0,1194.0,773.0,55.7,74.27,98.99,49856.6267
Canada,1994,28860.734,899.0,1229.0,861.0,53.45,69.32,95.32,50030.3648
Canada,1995,29164.152,928.0,1276.0,870.0,48.61,68.71,98.23,52725.489
Canada,1996,29457.817,1017.0,1228.0,900.0,45.66,78.79,123.56,55082.1094
Canada,1997,29742.382,1089.0,1257.0,925.0,51.59,78.98,122.61,54294.392
Canada,1998,30022.073,1182.0,1392.0,971.0,52.95,77.38,65.32,56260.1956
Canada,1999,30302.515,1264.0,1566.0,1014.0,55.84,71.77,65.76,54970.9005
Canada,2000,30588.383,1263.0,1640.0,1065.0,60.33,71.3,88.25,53674.5655
Canada,2001,30880.073,1262.0,1731.0,1115.0,64.82,75.35,94.88,53946.4408
Canada,2002,31178.263,1295.0,1858.0,1111.0,61.04,71.59,75.68,55519.6288
Canada,2003,31488.048,1203.0,1882.0,1112.0,52.45,75.35,74.86,55568.1296
Canada,2004,31815.494,1504.0,1936.0,1123.0,45.78,76.77,89.83,57406.4332
Canada,2005,32164.309,1464.0,1920.0,1164.0,51.74,76.3,83.83,59033.9407
Canada,2006,32536.987,1327.0,1898.0,1169.0,51.8,73.0,73.17,56305.7123
Canada,2007,32930.794,1279.0,1898.0,1208.0,51.39,80.06,70.26,58311.7963
Canada,2008,33337.638,1288.0,1948.0,1230.0,51.11,90.42,68.55,56599.8638
Canada,2009,33746.093,1252.0,1950.0,1211.0,50.25,91.84,65.76,54363.8888
Canada,2010,34147.564,1272.0,1938.0,1216.0,52.81,88.07,78.34,54942.0133
Canada,2011,34539.159,1141.0,1975.0,1222.0,62.75,101.26,90.26,56177.7041
Canada,2012,34922.03,1060.0,2004.0,1233.0,67.71,105.02,87.25,58270.3061
Canada,2013,35296.528,1056.0,1981.0,1254.0,69.8,107.38,93.67,58526.8722
Canada,2014,35664.337,1069.0,1963.0,1276.0,94.69,102.2,118.15,57578.7007
Canada,2015,36026.676,1018.0,2064.0,1318.0,114.47,99.37,92.33,56708.0334
Canada,2016,36382.944,1112.0,2081.0,1372.0,90.85,98.43,89.52,55691.653
Canada,2017,36732.095,1168.0,2128.0,1418.0,90.02,97.02,96.97,56487.1613
Canada,2018,37074.562,1231.0,2126.0,1474.0,87.45,97.96,88.85,57933.2857
Chile,1991,13495.258,230.0,129.0,141.0,38.15,47.93,43.23,10656.7855
Chile,1992,13719.819,200.0,138.0,208.0,45.9,45.49,52.17,10987.2241
Chile,1993,13944.937,224.0,147.0,247.0,44.31,46.7,52.86,11407.0538
Chile,1994,14166.34,240.0,161.0,299.0,43.79,49.47,47.76,11893.4877
Chile,1995,14380.866,258.0,172.0,314.0,46.17,50.36,51.64,12192.8566
Chile,1996,14587.37,259.0,185.0,338.0,43.5,53.08,49.01,12428.3928
Chile,1997,14786.22,262.0,209.0,346.0,44.27,55.59,56.99,12776.156
Chile,1998,14977.733,256.0,235.0,376.0,48.39,54.85,50.94,12859.1161
Chile,1999,15162.8,226.0,244.0,386.0,45.37,51.21,51.23,12906.463
Chile,2000,15342.353,226.0,261.0,432.0,48.17,49.35,51.62,12689.1529
Chile,2001,15516.113,218.0,303.0,478.0,50.54,52.77,53.59,12617.5504
Chile,2002,15684.409,200.0,351.0,445.0,51.56,60.77,58.89,12620.9495
Chile,2003,15849.652,192.0,365.0,459.0,50.11,63.07,66.05,12418.9833
Chile,2004,16014.971,208.0,373.0,529.0,48.41,61.03,70.31,13007.2055
Chile,2005,16182.721,216.0,411.0,544.0,51.05,61.01,63.33,12744.8804
Chile,2006,16354.504,238.0,468.0,614.0,51.82,59.36,64.02,12771.1243
Chile,2007,16530.195,242.0,499.0,581.0,56.15,67.67,59.17,12521.525
Chile,2008,16708.258,240.0,522.0,611.0,65.28,84.79,61.23,13295.9697
Chile,2009,16886.186,210.0,514.0,604.0,61.54,83.41,67.64,12856.5994
Chile,2010,17062.536,211.0,498.0,594.0,78.64,87.39,73.42,13079.4452
Chile,2011,17233.576,191.0,528.0,651.0,90.29,90.82,77.18,12585.5131
Chile,2012,17400.347,198.0,584.0,669.0,89.0,91.13,76.27,12626.0627
Chile,2013,17571.507,206.0,550.0,676.0,81.43,100.01,74.21,10941.2154
Chile,2014,17758.959,224.0,520.0,664.0,88.85,105.45,97.21,10655.5633
Chile,2015,17969.353,225.0,524.0,711.0,100.02,98.94,104.21,10511.0408
Chile,2016,18209.068,215.0,521.0,742.0,111.13,95.61,98.59,10329.5497
Chile,2017,18470.439,203.0,490.0,703.0,124.18,100.67,102.62,10306.756
Chile,2018,18729.16,199.0,521.0,762.0,112.08,107.59,89.45,10606.5364
"China, mainland",1991,1192897.284,1495.0,23787.0,3900.0,14.29,32.5,18.5,613005.6497
"China, mainland",1992,1206711.244,1738.0,25299.0,4500.0,14.74,34.02,19.89,617093.8314
"China, mainland",1993,1218817.055,2189.0,26546.0,5736.0,21.3,38.21,22.78,605205.5381
"China, mainland",1994,1230020.031,2385.0,28736.0,6500.0,22.93,49.75,35.38,624787.624
"China, mainland",1995,1240920.535,2871.0,29569.0,8000.0,34.95,44.87,64.1,681979.7007
"China, mainland",1996,1251636.186,3226.0,29685.0,8063.0,31.67,50.41,66.72,724747.4349
"China, mainland",1997,1261996.012,3953.0,30879.0,9416.0,24.3,38.7,75.43,655538.2146
"China, mainland",1998,1271982.35,4351.0,33044.0,10436.0,25.25,39.96,65.37,679673.0396
"China, mainland",1999,1281514.832,4585.0,33592.0,10965.0,33.86,32.45,40.4,699003.4573
"China, mainland",2000,1290550.765,4988.0,35694.0,11890.0,30.58,29.54,43.41,688122.0311
"China, mainland",2001,1299129.752,5086.0,35921.0,11761.0,32.49,30.95,44.42,675936.6918
"China, mainland",2002,1307352.257,5219.0,36840.0,11969.0,35.49,32.38,56.99,678696.0813
"China, mainland",2003,1315303.521,5425.0,38847.0,12388.0,40.33,50.77,64.86,667279.6897
"China, mainland",2004,1323084.641,5604.0,39328.0,12511.0,37.63,63.68,77.92,685790.4884
"China, mainland",2005,1330776.38,5681.0,40766.0,13357.0,40.1,66.03,76.01,693409.785
"China, mainland",2006,1338408.647,5767.0,42525.0,13583.0,40.99,68.84,54.22,694911.6992
"China, mainland",2007,1345993.888,6134.0,42878.0,14476.0,63.47,80.27,115.66,685208.5551
"China, mainland",2008,1353569.484,6132.0,44819.0,15336.0,64.0,81.15,102.58,697258.587
"China, mainland",2009,1361169.419,6354.0,46934.0,15949.0,63.21,93.1,90.68,698127.3396
"China, mainland",2010,1368810.615,6538.0,48600.0,16561.0,73.91,87.27,93.19,698246.3008
"China, mainland",2011,1376497.639,6475.0,48407.0,17088.0,71.64,102.82,147.17,691957.1452
"China, mainland",2012,1384206.401,6623.0,51300.0,18033.0,90.3,104.76,128.39,692740.1473
"China, mainland",2013,1391883.33,6730.0,52733.0,18265.0,93.75,113.35,122.44,692232.54
"China, mainland",2014,1399453.965,6157.0,56714.0,17502.0,82.71,100.27,87.99,693157.6317
"China, mainland",2015,1406847.87,6169.0,56454.0,17250.0,107.76,101.36,102.94,700477.5723
"China, mainland",2016,1414049.351,6169.0,54255.0,18335.0,109.54,98.37,109.07,700933.5354
"China, mainland",2017,1421021.791,6346.0,54518.0,19384.0,109.47,114.51,125.71,686191.0899
"China, mainland",2018,1427647.786,6441.0,54037.0,19395.0,117.45,123.86,110.91,671675.7863
Colombia,1991,33758.337,701.0,133.0,386.0,16.61,15.2,20.1,60859.1778
Colombia,1992,34422.569,595.0,135.0,408.0,24.46,17.54,28.11,61462.4267
Colombia,1993,35091.275,603.0,134.0,445.0,26.37,21.46,30.26,62454.4156
Colombia,1994,35758.979,646.0,133.0,499.0,30.1,24.69,34.67,63442.6358
Colombia,1995,36421.438,702.0,133.0,553.0,36.67,26.18,39.13,63405.0767
Colombia,1996,37076.387,730.0,129.0,465.0,38.45,29.24,41.17,63721.1986
Colombia,1997,37723.8,763.0,103.0,433.0,40.74,34.6,45.31,62975.1117
Colombia,1998,38364.309,766.0,75.0,507.0,51.6,41.7,57.76,63578.0751
Colombia,1999,38999.471,716.0,107.0,496.0,49.8,45.04,63.71,60996.785
Colombia,2000,39629.968,745.0,105.0,504.0,54.12,58.7,64.52,61842.6314
Colombia,2001,40255.967,700.0,98.0,596.0,71.71,66.18,78.36,63127.5305
Colombia,2002,40875.36,675.0,109.0,649.0,74.7,65.94,90.67,63365.8499
Colombia,2003,41483.869,642.0,124.0,678.0,76.35,68.68,93.5,64909.248
Colombia,2004,42075.955,717.0,130.0,709.0,80.47,71.1,94.79,65678.5129
Colombia,2005,42647.723,792.0,128.0,763.0,84.36,75.49,102.15,66215.7575
Colombia,2006,43200.897,827.0,148.0,850.0,86.3,71.38,101.93,66250.0748
Colombia,2007,43737.516,856.0,177.0,925.0,101.1,78.57,116.14,68796.2154
Colombia,2008,44254.975,917.0,170.0,1011.0,97.16,80.29,123.57,68143.7171
Colombia,2009,44750.054,810.0,171.0,1020.0,93.12,83.97,130.94,67982.4732
Colombia,2010,45222.7,767.0,197.0,1067.0,83.49,83.17,95.0,69449.3395
Colombia,2011,45662.748,821.0,216.0,1075.0,84.04,93.7,89.89,65218.053
Colombia,2012,46075.718,854.0,239.0,1112.0,91.76,101.39,91.47,61713.6915
Colombia,2013,46495.493,848.0,243.0,1276.0,96.84,99.08,96.74,59691.408
Colombia,2014,46967.696,837.0,263.0,1359.0,97.33,98.58,106.06,59915.2893
Colombia,2015,47520.667,854.0,305.0,1424.0,102.67,101.42,93.94,59253.256
Colombia,2016,48175.052,797.0,349.0,1479.0,139.8,116.51,128.84,60018.0069
Colombia,2017,48909.839,753.0,355.0,1564.0,138.4,132.45,174.84,62519.1813
Colombia,2018,49661.048,886.0,336.0,1630.0,139.99,134.36,175.28,66607.8813
Denmark,1991,5154.908,213.0,1272.0,139.0,88.31,82.26,117.29,12634.6149
Denmark,1992,5171.65,217.0,1370.0,155.0,83.55,80.06,121.56,12318.4155
Denmark,1993,5190.742,203.0,1504.0,167.0,79.76,76.62,93.41,12505.9898
Denmark,1994,5211.334,189.0,1521.0,172.0,82.18,75.21,95.25,12215.7788
Denmark,1995,5232.704,182.0,1494.0,173.0,75.52,73.33,98.67,12174.3509
Denmark,1996,5254.86,178.0,1494.0,170.0,68.49,73.17,109.19,12110.9454
Denmark,1997,5277.711,175.0,1521.0,176.0,67.43,78.03,111.75,12040.2205
Denmark,1998,5300.379,162.0,1629.0,190.0,70.3,74.89,78.48,11996.3244
Denmark,1999,5321.774,157.0,1642.0,202.0,67.28,67.37,74.78,11477.6343
Denmark,2000,5341.194,154.0,1625.0,202.0,67.28,66.74,96.82,11471.9868
Denmark,2001,5358.062,153.0,1716.0,216.0,56.45,74.11,115.3,11603.3336
Denmark,2002,5372.801,154.0,1759.0,218.0,56.68,69.88,90.85,11311.5504
Denmark,2003,5386.968,147.0,1762.0,200.0,56.68,66.59,78.48,11214.7823
Denmark,2004,5402.761,150.0,1810.0,193.0,60.39,68.0,87.43,10919.4601
Denmark,2005,5421.702,136.0,1793.0,188.0,70.98,66.9,88.57,10801.8822
Denmark,2006,5444.286,129.0,1749.0,171.0,76.58,59.07,94.69,10659.5889
Denmark,2007,5469.921,130.0,1802.0,177.0,76.16,66.47,83.88,10808.7953
Denmark,2008,5497.729,129.0,1707.0,181.0,84.77,93.2,94.52,10733.1271
Denmark,2009,5526.388,128.0,1585.0,173.0,81.86,81.19,89.29,10476.3966
Denmark,2010,5554.844,133.0,1668.0,190.0,84.15,86.56,92.64,10698.0951
Denmark,2011,5582.978,134.0,1720.0,193.0,96.47,102.09,102.05,10629.3429
Denmark,2012,5610.903,127.0,1669.0,192.0,104.35,106.96,114.72,10670.0646
Denmark,2013,5638.145,128.0,1589.0,172.0,105.19,114.31,115.82,10514.0249
Denmark,2014,5664.196,126.0,1594.0,160.0,102.45,103.98,105.61,10606.6033
Denmark,2015,5688.695,120.0,1601.0,145.0,101.6,98.58,94.61,10763.4018
Denmark,2016,5711.349,129.0,1579.0,154.0,95.96,97.44,99.77,10745.4421
Denmark,2017,5732.274,124.0,1532.0,152.0,95.91,95.57,108.46,10694.1503
Denmark,2018,5752.126,129.0,1583.0,156.0,95.63,96.62,91.24,10407.0465
France,1991,56913.587,2026.0,1773.0,1717.0,61.6,82.0,117.25,87564.5351
France,1992,57147.213,1877.0,1903.0,1772.0,63.86,81.41,107.92,83775.805
France,1993,57370.381,1704.0,2034.0,1820.0,65.5,77.25,101.06,83162.3091
France,1994,57587.131,1627.0,2116.0,1972.0,63.28,74.94,103.26,83612.1347
France,1995,57801.892,1683.0,2144.0,2071.0,65.38,72.52,109.08,84084.7311
France,1996,58012.058,1737.0,2161.0,2203.0,73.43,74.78,112.98,85100.3397
France,1997,58220.659,1720.0,2219.0,2251.0,77.04,77.63,113.09,84153.4883
France,1998,58444.246,1632.0,2328.0,2292.0,81.58,74.96,83.13,83852.781
France,1999,58704.381,1609.0,2353.0,2187.0,79.84,69.19,78.12,83907.0711
France,2000,59015.096,1528.0,2312.0,2220.0,80.04,71.38,96.02,85487.8125
France,2001,59384.132,1566.0,2315.0,2214.0,71.66,76.48,113.98,85481.7043
France,2002,59803.441,1640.0,2346.0,2104.0,72.54,74.23,89.29,83175.3903
France,2003,60251.588,1632.0,2339.0,2009.0,75.71,72.6,84.65,81334.7911
France,2004,60697.981,1565.0,2293.0,1975.0,80.94,78.23,90.52,80959.5281
France,2005,61120.127,1517.0,2274.0,1706.0,84.0,77.23,93.11,79480.6441
France,2006,61508.926,1473.0,2011.0,1563.0,89.64,75.57,97.55,79144.6319
France,2007,61869.227,1532.0,2031.0,1628.0,87.16,86.59,88.11,80813.1924
France,2008,62209.207,1503.0,2274.0,1808.0,88.71,97.57,98.08,79957.5496
France,2009,62542.9,1516.0,2262.0,1759.0,85.03,88.55,90.52,78020.7117
France,2010,62879.53,1530.0,2255.0,1716.0,86.37,88.77,89.59,77962.3208
France,2011,63222.227,1566.0,2217.0,1781.0,90.1,100.42,101.34,75882.039
France,2012,63564.221,1497.0,2162.0,1766.0,100.65,102.4,111.28,76183.8654
France,2013,63893.525,1400.0,2131.0,1702.0,106.17,110.17,113.41,77142.4213
France,2014,64193.55,1411.0,2120.0,1807.0,101.06,102.48,103.8,77556.7039
France,2015,64453.2,1448.0,2148.0,1804.0,98.94,99.26,96.2,78235.4152
France,2016,64667.596,1466.0,2170.0,1783.0,96.51,98.25,83.68,76626.824
France,2017,64842.509,1433.0,2148.0,1750.0,97.5,97.42,79.98,76653.7958
France,2018,64990.511,1436.0,2166.0,1785.0,100.67,97.14,83.78,75694.2729
Germany,1991,79490.835,2181.0,3813.0,524.0,72.92,92.5,108.49,83555.0178
Germany,1992,79963.159,1790.0,3585.0,593.0,81.36,90.77,113.99,75778.4008
Germany,1993,80428.556,1570.0,3646.0,604.0,84.97,87.3,84.95,73370.0402
Germany,1994,80832.937,1420.0,3604.0,634.0,84.33,86.72,88.01,73579.4398
Germany,1995,81138.659,1408.0,3602.0,642.0,78.23,83.25,93.1,73439.9017
Germany,1996,81323.664,1482.0,3635.0,693.0,69.1,85.57,106.87,72947.5565
Germany,1997,81399.251,1448.0,3564.0,725.0,71.31,89.04,111.11,73038.3977
Germany,1998,81402.673,1367.0,3834.0,735.0,72.56,83.25,75.18,71844.6963
Germany,1999,81389.927,1374.0,4103.0,748.0,69.01,76.32,70.72,71899.6243
Germany,2000,81400.882,1304.0,3982.0,790.0,71.25,78.05,90.67,69795.1103
Germany,2001,81453.885,1362.0,4074.0,850.0,54.17,87.3,107.59,69303.3881
Germany,2002,81535.122,1316.0,4110.0,881.0,61.7,81.09,86.16,68097.307
Germany,2003,81614.38,1226.0,4239.0,954.0,74.06,88.62,76.72,66714.1632
Germany,2004,81646.474,1258.0,4323.0,1039.0,77.99,86.5,87.77,65637.17
Germany,2005,81602.741,1167.0,4500.0,1032.0,87.9,79.22,88.47,65193.0921
Germany,2006,81472.226,1193.0,4662.0,1025.0,92.64,89.28,92.8,62985.9274
Germany,2007,81277.83,1186.0,4985.0,1120.0,90.53,99.97,83.69,64037.009
Germany,2008,81065.752,1199.0,5122.0,1246.0,97.74,111.86,97.14,63978.1258
Germany,2009,80899.961,1190.0,5265.0,1289.0,91.59,115.5,87.94,63944.1049
Germany,2010,80827.002,1205.0,5488.0,1380.0,93.87,122.95,86.96,64235.6771
Germany,2011,80855.632,1170.0,5616.0,1423.0,107.14,136.81,94.13,62981.9082
Germany,2012,80972.628,1146.0,5474.0,1428.0,109.02,104.87,115.08,63243.2056
Germany,2013,81174.367,1117.0,5507.0,1457.0,105.21,109.63,114.9,64039.6776
Germany,2014,81450.378,1143.0,5528.0,1550.0,97.96,103.4,104.76,65349.3885
Germany,2015,81787.411,1132.0,5570.0,1544.0,103.9,100.23,94.09,64220.8569
Germany,2016,82193.768,1155.0,5590.0,1527.0,98.14,96.38,101.15,63200.9109
Germany,2017,82658.409,1137.0,5506.0,1514.0,105.63,95.13,110.85,61933.1962
Germany,2018,83124.418,1123.0,5370.0,1571.0,105.92,97.85,97.0,59371.2712
Hungary,1991,10363.049,123.0,931.0,353.0,15.54,20.71,17.63,10232.8201
Hungary,1992,10358.619,123.0,764.0,340.0,16.92,21.29,21.84,8382.003
Hungary,1993,10359.066,97.0,672.0,319.0,19.88,24.58,24.41,7922.5998
Hungary,1994,10357.591,72.0,608.0,341.0,26.98,31.88,32.05,7532.9006
Hungary,1995,10349.302,58.0,578.0,387.0,36.68,36.82,45.98,7038.9699
Hungary,1996,10332.453,50.0,671.0,377.0,37.91,47.82,46.42,7599.7299
Hungary,1997,10308.48,55.0,581.0,402.0,40.33,55.88,60.06,7507.1254
Hungary,1998,10279.602,47.0,570.0,452.0,51.56,56.91,62.14,7273.7507
Hungary,1999,10249.416,51.0,626.0,399.0,48.77,52.73,52.71,7511.7839
Hungary,2000,10220.507,67.0,613.0,470.0,50.74,55.19,64.95,7412.3296
Hungary,2001,10193.449,52.0,556.0,472.0,51.51,65.8,91.16,7558.7082
Hungary,2002,10167.283,48.0,580.0,515.0,53.32,60.1,75.25,7189.0331
Hungary,2003,10141.342,61.0,510.0,492.0,51.95,58.25,62.51,6992.4897
Hungary,2004,10114.48,46.0,540.0,469.0,57.5,62.02,71.79,7345.3142
Hungary,2005,10085.937,32.0,454.0,433.0,68.73,57.69,75.29,6899.6537
Hungary,2006,10055.653,34.0,489.0,385.0,78.29,57.67,80.09,6908.9231
Hungary,2007,10024.149,35.0,499.0,377.0,72.3,66.94,71.25,6804.7839
Hungary,2008,9991.867,32.0,461.0,388.0,76.07,79.58,83.71,7045.8398
Hungary,2009,9959.439,30.0,453.0,387.0,82.12,73.79,86.38,6539.1876
Hungary,2010,9927.37,28.0,452.0,376.0,88.97,73.25,81.21,6399.5836
Hungary,2011,9895.68,26.0,435.0,402.0,129.51,85.58,90.27,6595.4176
Hungary,2012,9864.358,25.0,394.0,428.0,132.61,92.95,106.14,6415.565
Hungary,2013,9833.923,23.0,368.0,405.0,105.29,100.08,109.43,6877.1269
Hungary,2014,9804.991,25.0,412.0,442.0,101.43,109.44,105.59,6943.059
Hungary,2015,9777.923,29.0,455.0,490.0,100.92,104.55,94.6,6978.3158
Hungary,2016,9752.975,30.0,458.0,515.0,97.66,86.01,99.8,7160.6566
Hungary,2017,9729.823,30.0,470.0,493.0,99.38,85.08,110.58,7179.0665
Hungary,2018,9707.499,32.0,468.0,524.0,100.34,87.1,99.55,7532.1116
India,1991,891273.209,2141.0,427.0,523.0,33.62,18.05,27.91,611317.4603
India,1992,909307.016,2174.0,445.0,540.0,38.35,18.93,31.32,617696.1152
India,1993,927403.86,2183.0,448.0,608.0,41.86,22.1,26.19,624476.4509
India,1994,945601.831,2192.0,452.0,625.0,37.19,22.39,28.12,632207.9716
India,1995,963922.588,2201.0,455.0,642.0,37.58,37.25,29.68,636545.4335
India,1996,982365.243,2211.0,459.0,660.0,37.51,61.06,31.64,644017.8562
India,1997,1000900.03,2221.0,462.0,665.0,37.65,52.68,33.78,648994.2285
India,1998,1019483.581,2226.0,463.0,738.0,35.55,35.61,34.62,656367.6499
India,1999,1038058.156,2231.0,465.0,810.0,34.91,32.82,33.42,659877.812
India,2000,1056575.549,2237.0,466.0,904.0,35.63,34.56,35.78,654830.6154
India,2001,1075000.085,2244.0,467.0,963.0,37.31,37.21,36.17,659809.5052
India,2002,1093317.189,2250.0,469.0,1128.0,36.72,36.72,36.72,643512.4027
India,2003,1111523.144,2258.0,470.0,1249.0,39.83,39.83,39.83,655119.0076
India,2004,1129623.456,2299.0,445.0,1343.0,42.21,42.21,42.21,664667.5934
India,2005,1147609.927,2342.0,425.0,1441.0,45.95,45.95,45.95,684445.7765
India,2006,1165486.291,2384.0,405.0,1555.0,48.94,48.94,48.94,699050.2099
India,2007,1183209.472,2428.0,385.0,1791.0,60.15,60.15,60.15,716500.9022
India,2008,1200669.765,2446.0,382.0,1919.0,59.31,59.31,59.31,724373.7346
India,2009,1217726.215,2464.0,378.0,2121.0,65.52,65.52,65.52,716939.2973
India,2010,1234281.17,2539.0,371.0,2226.0,77.14,77.14,77.14,726578.2109
India,2011,1250287.943,2544.0,364.0,2268.0,84.12,84.12,84.12,736595.5541
India,2012,1265780.247,2549.0,357.0,2309.0,91.28,91.28,91.28,730370.1905
India,2013,1280842.125,2577.0,354.0,2358.0,87.32,87.32,87.32,733347.2385
India,2014,1295600.772,2576.0,350.0,3074.0,94.65,94.65,94.65,734744.7868
India,2015,1310152.403,2560.0,344.0,3292.0,100.36,100.36,100.36,739294.4994
India,2016,1324517.249,2595.0,317.0,3336.0,104.99,104.99,104.99,740215.2728
India,2017,1338676.785,2602.0,306.0,3526.0,110.08,110.08,110.08,747886.7352
India,2018,1352642.28,2610.0,296.0,3616.0,109.77,109.77,109.77,757149.4357
Indonesia,1991,184591.903,310.0,572.0,584.0,7.85,5.22,6.53,135156.8181
Indonesia,1992,187739.786,342.0,583.0,647.0,8.54,5.53,6.9,142913.3428
Indonesia,1993,190851.175,398.0,622.0,699.0,8.75,5.96,9.87,140368.8555
Indonesia,1994,193917.462,385.0,660.0,823.0,7.04,8.72,7.8,141181.1907
Indonesia,1995,196934.26,359.0,572.0,876.0,8.78,8.43,10.27,147602.1843
Indonesia,1996,199901.228,396.0,600.0,947.0,9.43,9.26,12.86,150542.3373
Indonesia,1997,202826.446,401.0,633.0,899.0,9.52,8.96,15.04,146040.9077
Indonesia,1998,205724.592,389.0,622.0,621.0,13.14,14.44,17.7,149162.09
Indonesia,1999,208615.169,357.0,550.0,620.0,20.69,23.72,29.84,147629.3727
Indonesia,2000,211513.823,386.0,413.0,818.0,18.19,18.81,28.66,146672.8888
Indonesia,2001,214427.417,382.0,418.0,924.0,30.47,20.72,31.43,145130.2737
Indonesia,2002,217357.793,373.0,468.0,1105.0,34.19,24.76,39.66,148523.5435
Indonesia,2003,220309.469,410.0,495.0,1139.0,35.97,21.63,32.29,147206.2028
Indonesia,2004,223285.676,488.0,484.0,1213.0,46.39,33.62,33.55,151837.3958
Indonesia,2005,226289.47,397.0,550.0,1147.0,46.9,38.97,34.94,151605.0756
Indonesia,2006,229318.262,440.0,589.0,1285.0,52.87,41.8,42.63,153957.8166
Indonesia,2007,232374.245,381.0,597.0,1340.0,58.51,44.28,44.44,155271.6764
Indonesia,2008,235469.762,432.0,637.0,1380.0,54.32,56.44,55.73,158142.2627
Indonesia,2009,238620.563,444.0,649.0,1430.0,65.76,70.78,61.8,162695.4293
Indonesia,2010,241834.215,472.0,695.0,1566.0,70.49,75.76,65.83,163588.7447
Indonesia,2011,245115.987,521.0,721.0,1693.0,72.41,76.86,83.98,166294.5525
Indonesia,2012,248451.722,546.0,729.0,1768.0,75.91,81.74,86.18,169927.3706
Indonesia,2013,251805.307,586.0,743.0,1872.0,81.54,86.63,87.3,163469.2473
Indonesia,2014,255128.076,533.0,302.0,1972.0,89.42,92.58,94.0,168946.1038
Indonesia,2015,258383.256,542.0,330.0,2066.0,100.18,97.51,99.81,169991.9119
Indonesia,2016,261556.381,550.0,340.0,2343.0,110.4,109.92,106.18,170751.307
Indonesia,2017,264650.963,564.0,344.0,2301.0,110.4,73.28,106.18,178801.1719
Indonesia,2018,267670.543,563.0,327.0,2588.0,127.33,72.96,112.85,180558.2663
Italy,1991,57088.113,1182.0,1333.0,1096.0,70.77,62.23,65.08,42622.4248
Italy,1992,57145.306,1218.0,1342.0,1102.0,76.66,61.13,72.54,41976.262
Italy,1993,57197.613,1188.0,1371.0,1104.0,81.29,69.0,62.75,40609.5808
Italy,1994,57213.544,1171.0,1369.0,1094.0,84.32,68.11,61.69,40113.5942
Italy,1995,57174.408,1181.0,1346.0,1094.0,88.57,60.83,76.0,39161.7757
Italy,1996,57065.225,1182.0,1410.0,1119.0,79.22,70.52,78.01,39595.824
Italy,1997,56903.64,1161.0,1396.0,1139.0,77.13,66.64,79.64,38991.8372
Italy,1998,56742.76,1113.0,1412.0,1150.0,79.79,62.48,66.42,38874.7471
Italy,1999,56655.632,1166.0,1472.0,1133.0,84.49,59.56,58.3,39032.0428
Italy,2000,56692.178,1153.0,1479.0,1089.0,92.13,65.93,62.93,38917.4537
Italy,2001,56875.147,1134.0,1510.0,1135.0,96.11,70.23,68.93,34791.8431
Italy,2002,57182.519,1136.0,1536.0,1169.0,80.29,72.88,61.11,37111.7271
Italy,2003,57564.588,1128.0,1590.0,948.0,78.61,78.26,58.64,36042.979
Italy,2004,57948.424,1148.0,1590.0,997.0,79.78,81.74,56.69,36587.9973
Italy,2005,58281.212,1108.0,1515.0,1009.0,83.39,74.11,54.2,35314.0602
Italy,2006,58542.619,1110.0,1559.0,915.0,88.17,69.65,88.0,35189.1072
Italy,2007,58747.861,1123.0,1603.0,1025.0,84.79,84.71,77.47,35247.2648
Italy,2008,58922.109,1059.0,1606.0,1114.0,82.22,80.58,80.18,35034.8596
Italy,2009,59105.625,1055.0,1628.0,1141.0,83.38,77.42,85.43,34001.4911
Italy,2010,59325.229,1075.0,1673.0,1177.0,85.17,73.78,83.94,34100.8131
Italy,2011,59589.076,1011.0,1602.0,1212.0,86.79,93.43,85.4,33316.5559
Italy,2012,59879.471,982.0,1651.0,1257.0,101.22,98.46,98.2,33933.5339
Italy,2013,60166.83,854.0,1652.0,1229.0,101.46,104.83,103.14,33304.0687
Italy,2014,60409.62,709.0,1328.0,1230.0,99.56,104.25,103.93,32920.899
Italy,2015,60578.494,788.0,1491.0,1282.0,100.4,100.67,94.17,33162.9484
Italy,2016,60663.06,810.0,1544.0,1354.0,100.03,95.08,101.9,33649.8514
Italy,2017,60673.701,756.0,1467.0,1319.0,101.04,100.72,121.59,33577.76
Italy,2018,60627.291,809.0,1471.0,1277.0,102.16,98.82,118.86,33027.2354
Japan,1991,124929.772,575.0,1483.0,1357.0,62.13,83.25,91.76,29796.1691
Japan,1992,125331.297,592.0,1434.0,1365.0,63.58,83.6,87.92,30328.0471
Japan,1993,125707.411,594.0,1440.0,1318.0,68.27,82.41,77.9,30584.1008
Japan,1994,126053.129,602.0,1390.0,1256.0,68.93,81.74,77.6,30949.7044
Japan,1995,126365.484,601.0,1300.0,1252.0,73.86,77.75,78.08,29773.3252
Japan,1996,126644.094,555.0,1263.0,1236.0,72.12,77.53,86.48,28584.2703
Japan,1997,126892.738,530.0,1288.0,1234.0,70.86,77.04,82.43,28171.6758
Japan,1998,127117.434,529.0,1291.0,1212.0,70.67,77.44,76.58,27001.7931
Japan,1999,127326.07,540.0,1277.0,1213.0,68.64,77.31,74.38,26818.0396
Japan,2000,127524.174,530.0,1256.0,1195.0,66.36,76.69,72.0,26610.002
Japan,2001,127713.828,459.0,1232.0,1216.0,61.71,76.73,80.15,26041.1276
Japan,2002,127893.078,537.0,1246.0,1229.0,58.33,76.77,84.25,26206.4573
Japan,2003,128058.372,496.0,1274.0,1240.0,71.36,75.53,69.8,26002.8601
Japan,2004,128204.195,514.0,1263.0,1242.0,78.19,73.27,78.83,26232.6931
Japan,2005,128326.116,499.0,1245.0,1273.0,82.56,68.75,81.33,25987.6891
Japan,2006,128422.734,497.0,1247.0,1367.0,82.88,67.81,80.18,25735.6294
Japan,2007,128494.057,504.0,1251.0,1366.0,83.0,71.45,84.2,25614.7746
Japan,2008,128538.646,520.0,1249.0,1369.0,74.97,76.73,90.98,25096.121
Japan,2009,128555.189,517.0,1310.0,1414.0,69.53,75.04,74.12,24845.4976
Japan,2010,128542.353,515.0,1292.0,1417.0,73.58,89.68,82.51,24907.4176
Japan,2011,128498.965,500.0,1267.0,1378.0,68.52,90.52,83.18,23965.4234
Japan,2012,128423.571,519.0,1297.0,1457.0,72.88,86.93,78.22,23475.9593
Japan,2013,128314.195,508.0,1309.0,1459.0,80.16,91.63,85.78,23734.0251
Japan,2014,128168.639,502.0,1264.0,2128.0,87.43,98.42,102.67,23605.9436
Japan,2015,127985.133,481.0,1254.0,2132.0,101.6,101.83,101.41,23076.474
Japan,2016,127763.265,464.0,1279.0,2172.0,110.97,99.75,95.92,22966.5707
Japan,2017,127502.725,469.0,1272.0,2215.0,107.68,101.3,104.66,22945.0998
Japan,2018,127202.192,475.0,1284.0,2250.0,108.5,99.88,92.4,22937.4402
Malaysia,1991,18519.937,18.0,233.0,473.0,28.12,42.46,30.67,10310.9137
Malaysia,1992,19002.656,18.0,251.0,559.0,31.12,42.12,31.24,10621.22
Malaysia,1993,19484.898,19.0,263.0,644.0,38.63,51.88,35.73,10854.4231
Malaysia,1994,19977.5,19.0,285.0,684.0,34.85,59.01,35.98,11134.0872
Malaysia,1995,20487.607,21.0,283.0,707.0,34.19,55.25,33.52,11000.5336
Malaysia,1996,21017.613,22.0,278.0,713.0,35.18,53.86,50.23,10787.7145
Malaysia,1997,21562.793,23.0,282.0,720.0,38.63,55.05,47.4,11467.8429
Malaysia,1998,22114.654,22.0,260.0,730.0,38.14,63.96,49.98,11750.0605
Malaysia,1999,22661.298,21.0,159.0,738.0,35.1,63.37,34.38,11327.948
Malaysia,2000,23194.257,18.0,160.0,714.0,39.37,61.39,57.35,11403.5037
Malaysia,2001,23709.119,19.0,185.0,751.0,40.4,60.79,55.75,11405.713
Malaysia,2002,24208.391,22.0,193.0,814.0,41.98,57.03,51.82,11969.4032
Malaysia,2003,24698.819,24.0,198.0,847.0,42.74,61.98,40.28,12666.8813
Malaysia,2004,25190.652,26.0,203.0,927.0,50.47,63.96,61.65,13340.57
Malaysia,2005,25690.611,26.0,200.0,964.0,47.01,74.46,69.01,13647.9253
Malaysia,2006,26201.961,30.0,217.0,1027.0,53.75,70.5,75.19,13511.1349
Malaysia,2007,26720.37,28.0,200.0,1075.0,57.74,74.26,58.33,14076.9209
Malaysia,2008,27236.006,29.0,195.0,1130.0,58.22,82.18,78.71,14581.9755
Malaysia,2009,27735.04,30.0,206.0,1166.0,61.36,80.2,84.61,13532.7429
Malaysia,2010,28208.035,32.0,234.0,1260.0,64.46,84.16,96.02,14774.1771
Malaysia,2011,28650.959,30.0,231.0,1309.0,67.4,94.06,93.33,14911.7742
Malaysia,2012,29068.189,30.0,218.0,1374.0,78.08,87.13,78.35,15065.3126
Malaysia,2013,29468.923,31.0,217.0,1458.0,84.74,94.26,73.68,14257.7867
Malaysia,2014,29866.603,53.0,218.0,1573.0,98.63,99.01,89.89,14365.2693
Malaysia,2015,30270.962,50.0,223.0,1633.0,98.63,97.03,104.01,14348.8334
Malaysia,2016,30684.654,48.0,195.0,1755.0,102.74,103.96,106.1,14299.3964
Malaysia,2017,31104.646,46.0,218.0,1665.0,102.74,106.93,96.77,13996.3641
Malaysia,2018,31528.033,47.0,224.0,1654.0,123.29,104.95,80.43,13389.3773
Mexico,1991,85512.623,1189.0,812.0,897.0,14.33,19.73,19.1,90112.0488
Mexico,1992,87075.138,1247.0,820.0,930.0,14.38,18.48,18.46,89304.9017
Mexico,1993,88625.44,1256.0,822.0,1071.0,14.08,17.49,16.13,90901.4418
Mexico,1994,90156.4,1365.0,873.0,1155.0,15.32,18.2,17.37,90730.1528
Mexico,1995,91663.285,1412.0,922.0,1315.0,19.72,25.8,24.19,89028.3965
Mexico,1996,93147.044,1330.0,910.0,1295.0,29.83,37.35,38.0,87713.8907
Mexico,1997,94611.002,1340.0,939.0,1476.0,36.35,40.96,47.63,88363.5612
Mexico,1998,96056.321,1380.0,961.0,1639.0,38.21,48.99,42.05,90228.8697
Mexico,1999,97484.832,1400.0,994.0,1774.0,39.74,43.43,43.37,88008.2921
Mexico,2000,98899.845,1409.0,1030.0,1868.0,39.84,53.27,48.23,88912.0664
Mexico,2001,100298.153,1445.0,1058.0,1973.0,41.6,55.31,52.2,89353.4046
Mexico,2002,101684.758,1468.0,1070.0,2122.0,40.2,54.79,47.14,88460.3626
Mexico,2003,103081.02,1504.0,1035.0,2161.0,40.33,53.6,49.67,89304.2045
Mexico,2004,104514.932,1544.0,1064.0,2324.0,47.47,60.16,58.54,88544.6362
Mexico,2005,106005.203,1558.0,1103.0,2481.0,54.25,62.2,64.0,90325.5957
Mexico,2006,107560.153,1613.0,1109.0,2505.0,54.51,59.3,61.99,89565.8486
Mexico,2007,109170.502,1635.0,1152.0,2585.0,54.77,64.81,58.38,90914.0332
Mexico,2008,110815.271,1667.0,1161.0,2625.0,55.87,70.84,63.37,90664.9027
Mexico,2009,112463.887,1705.0,1162.0,2678.0,57.31,75.09,69.67,92110.0178
Mexico,2010,114092.963,1745.0,1175.0,2723.0,57.95,78.45,74.65,92893.5453
Mexico,2011,115695.473,1804.0,1202.0,2807.0,58.92,83.4,77.73,94567.3899
Mexico,2012,117274.155,1821.0,1239.0,2833.0,62.5,90.3,82.03,93833.3373
Mexico,2013,118827.161,1807.0,1284.0,2846.0,68.64,97.94,86.69,96592.978
Mexico,2014,120355.128,1827.0,1291.0,2920.0,85.28,102.37,97.97,93056.3732
Mexico,2015,121858.258,1845.0,1323.0,3002.0,106.96,97.33,100.08,94155.5093
Mexico,2016,123333.376,1879.0,1376.0,3116.0,107.77,100.29,101.94,98479.7361
Mexico,2017,124777.324,1927.0,1442.0,3249.0,111.28,104.24,106.62,99787.4831
Mexico,2018,126190.788,1981.0,1503.0,3377.0,114.17,107.89,110.95,99944.8166
Myanmar,1991,41890.197,66.0,58.0,84.0,5.87,6.82,5.86,47795.0459
Myanmar,1992,42401.684,66.0,63.0,91.0,7.81,8.74,7.45,50364.3219
Myanmar,1993,42890.002,67.0,69.0,96.0,10.45,11.34,9.67,52659.2535
Myanmar,1994,43383.428,68.0,107.0,100.0,11.71,12.71,10.84,54377.4681
Myanmar,1995,43901.598,69.0,116.0,117.0,13.11,14.24,12.13,56269.4488
Myanmar,1996,44452.206,74.0,124.0,131.0,16.92,15.73,13.33,55830.4669
Myanmar,1997,45027.233,82.0,123.0,144.0,19.68,17.3,15.08,54441.6092
Myanmar,1998,45611.22,90.0,117.0,154.0,24.1,18.88,16.15,55320.5748
Myanmar,1999,46181.077,81.0,126.0,180.0,34.41,32.37,32.31,59509.9353
Myanmar,2000,46719.701,92.0,123.0,248.0,35.58,34.45,34.15,60719.0659
Myanmar,2001,47225.12,97.0,132.0,291.0,37.61,36.42,36.09,61364.5712
Myanmar,2002,47702.171,103.0,193.0,337.0,39.86,38.47,38.25,61792.2254
Myanmar,2003,48148.902,115.0,221.0,424.0,43.84,42.11,42.08,63586.9029
Myanmar,2004,48564.484,115.0,261.0,517.0,46.58,45.0,44.95,66312.5087
Myanmar,2005,48949.924,129.0,328.0,624.0,55.81,55.81,55.81,69095.1085
Myanmar,2006,49301.05,147.0,370.0,721.0,59.94,59.94,59.94,73208.5675
Myanmar,2007,49621.475,159.0,411.0,805.0,72.1,72.1,72.1,75290.8272
Myanmar,2008,49929.642,171.0,463.0,884.0,90.04,90.04,90.04,76148.1354
Myanmar,2009,50250.367,178.0,535.0,1018.0,102.76,102.76,102.76,77531.2789
Myanmar,2010,50600.818,234.0,585.0,1120.0,119.47,119.47,119.47,78937.8133
Myanmar,2011,50990.617,254.0,619.0,1191.0,128.38,128.38,128.38,77103.3048
Myanmar,2012,51413.704,260.0,620.0,1193.0,118.78,118.78,118.78,77518.6176
Myanmar,2013,51852.468,262.0,621.0,1196.0,111.26,111.26,111.26,78947.3873
Myanmar,2014,52280.824,372.0,821.0,1526.0,110.79,110.79,110.79,80914.0263
Myanmar,2015,52680.726,405.0,863.0,1648.0,94.0,94.0,94.0,82399.8689
Myanmar,2016,53045.201,451.0,874.0,1663.0,95.21,95.21,95.21,83981.5037
Myanmar,2017,53382.523,480.0,923.0,1653.0,90.84,90.84,90.84,87530.0986
Myanmar,2018,53708.32,470.0,1063.0,1896.0,100.76,100.76,100.76,90978.697
Netherlands,1991,15064.519,623.0,1591.0,547.0,147.4,92.15,119.49,24080.0451
Netherlands,1992,15165.862,635.0,1585.0,575.0,149.21,87.96,115.61,23836.9034
Netherlands,1993,15268.006,611.0,1747.0,581.0,150.67,83.25,84.55,23359.4867
Netherlands,1994,15369.12,603.0,1673.0,613.0,145.58,82.73,88.87,23135.6149
Netherlands,1995,15467.851,580.0,1622.0,641.0,128.88,75.92,94.9,23054.671
Netherlands,1996,15563.255,580.0,1624.0,716.0,119.44,79.59,110.0,22661.1718
Netherlands,1997,15655.475,565.0,1376.0,731.0,124.53,84.3,114.75,21972.5002
Netherlands,1998,15745.647,535.0,1725.0,761.0,126.34,77.49,74.2,21317.717
Netherlands,1999,15835.523,508.0,1711.0,758.0,118.72,67.02,69.02,21358.4262
Netherlands,2000,15926.188,471.0,1623.0,766.0,119.08,69.64,91.88,20531.79
Netherlands,2001,16018.114,372.0,1432.0,770.0,185.92,82.99,99.3,20389.5605
Netherlands,2002,16110.355,384.0,1377.0,756.0,189.77,73.21,82.61,19511.9252
Netherlands,2003,16200.951,365.0,1253.0,596.0,212.17,72.92,94.83,19074.8288
Netherlands,2004,16287.182,386.0,1298.0,684.0,222.09,75.12,87.98,19097.7248
Netherlands,2005,16367.158,396.0,1297.0,704.0,199.85,80.54,92.17,19128.5629
Netherlands,2006,16440.097,384.0,1265.0,696.0,231.58,72.82,97.64,18949.0217
Netherlands,2007,16506.655,386.0,1290.0,753.0,244.3,90.7,89.02,18974.1062
Netherlands,2008,16568.104,378.0,1318.0,762.0,189.05,95.58,103.74,19558.6241
Netherlands,2009,16626.373,402.0,1275.0,840.0,189.05,90.15,94.06,19680.6458
Netherlands,2010,16682.917,389.0,1294.0,855.0,198.01,90.84,92.12,19746.3523
Netherlands,2011,16738.193,382.0,1347.0,916.0,97.92,101.47,103.38,19479.9838
Netherlands,2012,16791.84,374.0,1332.0,966.0,112.9,104.42,115.18,19481.61
Netherlands,2013,16843.502,379.0,1307.0,998.0,113.25,106.3,115.61,19741.1095
Netherlands,2014,16892.523,376.0,1371.0,1038.0,99.47,102.31,104.43,20309.7613
Netherlands,2015,16938.499,383.0,1456.0,1067.0,105.12,100.67,93.86,21121.2668
Netherlands,2016,16981.295,416.0,1453.0,1106.0,95.41,97.02,101.71,21112.6443
Netherlands,2017,17021.347,441.0,1456.0,1099.0,104.06,94.95,112.15,20130.0611
Netherlands,2018,17059.56,386.0,1536.0,1074.0,107.42,98.99,98.31,18670.6381
New Zealand,1991,3446.17,540.0,44.0,61.0,50.02,78.92,75.59,43440.7644
New Zealand,1992,3503.181,536.0,47.0,70.0,48.82,77.36,71.34,42835.4985
New Zealand,1993,3564.464,572.0,49.0,75.0,51.18,76.21,75.07,42592.9869
New Zealand,1994,3623.279,537.0,49.0,76.0,46.15,75.9,77.56,44036.6621
New Zealand,1995,3674.936,623.0,51.0,91.0,52.7,76.32,70.72,45119.4821
New Zealand,1996,3717.349,633.0,50.0,89.0,37.79,75.01,72.27,44040.205
New Zealand,1997,3752.362,646.0,49.0,91.0,39.78,72.77,72.72,44113.9291
New Zealand,1998,3783.974,634.0,50.0,97.0,45.96,74.8,68.85,43086.0765
New Zealand,1999,3818.131,561.0,49.0,99.0,52.93,74.18,63.64,43710.7817
New Zealand,2000,3858.999,572.0,47.0,107.0,68.76,73.4,75.1,42898.4627
New Zealand,2001,3907.933,590.0,47.0,123.0,83.25,74.18,85.46,43278.7356
New Zealand,2002,3963.206,576.0,47.0,137.0,83.62,76.16,93.68,44762.0933
New Zealand,2003,4022.069,660.0,47.0,146.0,61.24,81.58,83.87,45408.9922
New Zealand,2004,4080.438,709.0,52.0,149.0,62.81,82.57,75.86,44731.6392
New Zealand,2005,4135.355,652.0,50.0,159.0,67.7,81.68,80.84,44815.8363
New Zealand,2006,4185.888,643.0,51.0,151.0,67.88,82.77,79.11,44933.5545
New Zealand,2007,4233.046,632.0,51.0,149.0,67.79,83.56,83.32,44609.7007
New Zealand,2008,4278.155,635.0,51.0,147.0,72.59,88.45,80.04,43501.8826
New Zealand,2009,4323.337,637.0,47.0,137.0,74.16,93.04,101.83,43765.4244
New Zealand,2010,4370.062,635.0,47.0,145.0,72.17,95.43,91.89,43658.6425
New Zealand,2011,4418.678,623.0,50.0,160.0,89.16,95.9,92.23,43943.729
New Zealand,2012,4468.457,603.0,50.0,172.0,88.88,97.2,88.33,44717.4098
New Zealand,2013,4518.515,627.0,47.0,170.0,86.48,100.54,98.1,44573.7505
New Zealand,2014,4567.527,628.0,48.0,190.0,82.88,100.12,95.23,45032.1471
New Zealand,2015,4614.532,678.0,46.0,193.0,107.43,100.12,104.32,44370.0279
New Zealand,2016,4659.265,676.0,44.0,213.0,109.69,99.76,100.45,44368.4027
New Zealand,2017,4702.034,645.0,47.0,223.0,113.47,96.42,86.64,44147.4725
New Zealand,2018,4743.131,681.0,47.0,232.0,113.57,95.22,87.85,44012.1288
Nigeria,1991,97667.632,205.0,106.0,165.0,5.38,10.75,4.89,41838.5037
Nigeria,1992,100161.71,210.0,113.0,162.0,7.47,11.76,6.78,42372.0275
Nigeria,1993,102700.753,244.0,117.0,165.0,14.56,22.67,12.83,43455.9095
Nigeria,1994,105293.7,264.0,122.0,168.0,13.4,21.7,16.62,44772.7163
Nigeria,1995,107948.335,267.0,131.0,169.0,24.74,30.41,24.1,45692.4185
Nigeria,1996,110668.794,280.0,135.0,170.0,28.57,39.06,26.57,47178.6398
Nigeria,1997,113457.663,294.0,140.0,171.0,30.33,37.31,19.24,49325.053
Nigeria,1998,116319.759,297.0,144.0,172.0,29.87,38.55,52.18,52175.9345
Nigeria,1999,119260.063,298.0,153.0,172.0,29.68,34.41,24.81,53034.0921
Nigeria,2000,122283.85,279.0,158.0,160.0,29.64,31.83,42.26,53772.0919
Nigeria,2001,125394.046,316.0,165.0,184.0,45.39,65.63,54.67,53786.1091
Nigeria,2002,128596.076,357.0,193.0,190.0,57.99,82.97,58.64,54253.2469
Nigeria,2003,131900.631,308.0,179.0,201.0,61.29,60.53,68.53,56008.6239
Nigeria,2004,135320.422,323.0,186.0,211.0,71.6,71.06,85.7,56876.4821
Nigeria,2005,138865.016,306.0,193.0,219.0,75.18,80.85,85.2,60374.2836
Nigeria,2006,142538.308,259.0,201.0,232.0,86.53,79.61,93.96,60702.6374
Nigeria,2007,146339.977,328.0,209.0,243.0,92.4,99.39,99.39,59709.6113
Nigeria,2008,150269.623,328.0,218.0,260.0,117.23,117.23,117.23,59908.3379
Nigeria,2009,154324.933,330.0,226.0,273.0,101.45,101.45,101.45,57773.2357
Nigeria,2010,158503.197,325.0,234.0,286.0,106.61,106.61,106.61,62293.9935
Nigeria,2011,162805.077,384.0,243.0,300.0,108.85,108.85,108.85,66470.6564
Nigeria,2012,167228.794,390.0,249.0,290.0,112.28,112.28,112.28,69521.5111
Nigeria,2013,171765.816,403.0,254.0,300.0,116.12,116.12,116.12,70939.9364
Nigeria,2014,176404.934,381.0,266.0,191.0,118.39,118.39,118.39,72289.3479
Nigeria,2015,181137.448,384.0,279.0,198.0,99.69,99.69,99.69,72939.6793
Nigeria,2016,185960.241,298.0,283.0,203.0,81.92,81.92,81.92,81819.5266
Nigeria,2017,190873.244,301.0,284.0,198.0,73.06,73.06,73.06,84905.6745
Nigeria,2018,195874.683,390.0,284.0,193.0,76.92,76.92,76.92,86278.0771
Peru,1991,22522.378,109.0,69.0,292.0,24.04,26.8,20.4,18283.5912
Peru,1992,22966.818,111.0,73.0,320.0,37.83,40.92,29.27,18124.3698
Peru,1993,23408.131,107.0,76.0,303.0,59.63,64.4,40.64,18333.9355
Peru,1994,23851.408,102.0,78.0,317.0,74.16,70.22,56.68,19227.9254
Peru,1995,24299.16,107.0,80.0,355.0,87.02,62.94,63.53,20181.0914
Peru,1996,24753.824,110.0,83.0,386.0,90.12,74.41,67.53,20573.4222
Peru,1997,25210.954,118.0,87.0,444.0,88.7,90.37,64.62,20789.7466
Peru,1998,25658.062,124.0,71.0,460.0,91.87,95.35,69.14,21433.1039
Peru,1999,26078.293,125.0,89.0,494.0,62.98,73.95,51.54,22808.7058
Peru,2000,26459.944,130.0,92.0,542.0,62.24,63.57,51.54,23126.3477
Peru,2001,26799.285,132.0,94.0,518.0,63.54,66.27,52.01,23237.7653
Peru,2002,27100.968,134.0,93.0,556.0,61.31,63.78,52.16,23891.1803
Peru,2003,27372.226,138.0,93.0,578.0,65.59,64.19,52.79,24179.305
Peru,2004,27624.213,146.0,98.0,579.0,62.05,72.29,53.25,24030.78
Peru,2005,27866.145,153.0,103.0,656.0,62.61,71.88,53.41,25109.0606
Peru,2006,28102.056,163.0,109.0,710.0,63.36,74.79,54.03,25128.487
Peru,2007,28333.052,163.0,115.0,770.0,65.22,75.41,54.5,25788.7017
Peru,2008,28562.317,163.0,115.0,877.0,70.25,86.83,59.17,26014.0952
Peru,2009,28792.655,165.0,115.0,964.0,76.08,89.87,64.06,26831.2692
Peru,2010,29027.674,172.0,116.0,1020.0,76.35,96.29,66.2,26775.3088
Peru,2011,29264.318,177.0,117.0,1085.0,79.12,97.1,78.7,26885.6909
Peru,2012,29506.788,184.0,121.0,1171.0,87.44,97.58,81.53,27042.7231
Peru,2013,29773.987,191.0,128.0,1203.0,90.16,98.74,92.02,26998.935
Peru,2014,30090.359,196.0,135.0,1317.0,97.53,99.22,94.61,26790.4194
Peru,2015,30470.734,196.0,143.0,1330.0,100.89,100.19,99.93,27079.042
Peru,2016,30926.032,193.0,149.0,1405.0,101.58,100.59,105.46,27340.9873
Peru,2017,31444.298,189.0,158.0,1465.0,103.08,100.47,108.43,27650.4241
Peru,2018,31989.26,190.0,162.0,1582.0,105.02,100.99,109.56,27463.4703
Philippines,1991,63454.786,127.0,845.0,288.0,37.33,49.0,34.29,47557.8636
Philippines,1992,65020.116,130.0,845.0,308.0,42.15,56.26,37.59,45678.0548
Philippines,1993,66593.904,137.0,881.0,366.0,42.67,53.92,36.26,47156.0459
Philippines,1994,68180.859,136.0,922.0,382.0,49.48,59.42,41.68,50866.7841
Philippines,1995,69784.088,147.0,970.0,421.0,44.77,49.85,45.2,52481.5565
Philippines,1996,71401.749,161.0,1037.0,478.0,47.34,50.69,48.99,55370.8086
Philippines,1997,73030.884,189.0,1086.0,520.0,47.05,51.29,50.49,55485.3114
Philippines,1998,74672.014,212.0,1124.0,515.0,47.29,58.38,49.92,48534.4971
Philippines,1999,76325.927,259.0,1172.0,520.0,46.99,56.69,52.28,57031.4573
Philippines,2000,77991.755,262.0,1213.0,557.0,52.48,61.11,52.85,57692.6313
Philippines,2001,79672.873,255.0,1266.0,612.0,54.55,63.96,53.58,58289.6325
Philippines,2002,81365.258,262.0,1332.0,652.0,55.18,61.25,52.47,58215.8351
Philippines,2003,83051.971,259.0,1385.0,660.0,56.14,62.65,52.62,58919.1362
Philippines,2004,84710.542,259.0,1366.0,683.0,62.98,70.83,69.58,60711.0105
Philippines,2005,86326.25,250.0,1415.0,672.0,68.66,74.81,73.47,59697.5413
Philippines,2006,87888.675,252.0,1565.0,684.0,71.89,77.12,71.03,59959.8172
Philippines,2007,89405.482,288.0,1617.0,778.0,71.37,85.97,73.07,61570.6207
Philippines,2008,90901.965,286.0,1606.0,845.0,78.72,84.64,84.2,62604.911
Philippines,2009,92414.158,288.0,1629.0,858.0,83.14,95.63,87.87,63611.9221
Philippines,2010,93966.78,300.0,1636.0,899.0,88.23,100.91,92.83,62609.3963
Philippines,2011,95570.05,301.0,1642.0,951.0,90.32,101.54,91.32,63148.0827
Philippines,2012,97212.643,295.0,1653.0,1018.0,91.0,102.24,90.48,64000.9817
Philippines,2013,98871.555,297.0,1681.0,1079.0,93.98,92.89,98.11,64749.4123
Philippines,2014,100513.142,301.0,1691.0,1152.0,97.52,97.09,103.0,65026.0329
Philippines,2015,102113.212,305.0,1776.0,1222.0,99.41,99.9,99.98,63923.2707
Philippines,2016,103663.816,312.0,1863.0,1263.0,103.07,103.01,97.02,63699.6574
Philippines,2017,105172.925,311.0,1837.0,1302.0,107.5,98.29,109.41,66969.5344
Philippines,2018,106651.394,311.0,1873.0,1380.0,116.03,106.73,118.48,66256.9283
Poland,1991,38082.948,663.0,1947.0,344.0,9.72,24.49,21.21,42250.277
Poland,1992,38197.587,544.0,2036.0,321.0,15.02,34.32,27.97,39647.3909
Poland,1993,38301.35,480.0,1903.0,302.0,21.17,47.1,35.63,37683.4711
Poland,1994,38389.467,421.0,1681.0,381.0,30.16,65.9,55.72,37637.5284
Poland,1995,38458.638,386.0,1962.0,384.0,38.96,73.85,56.09,36889.753
Poland,1996,38509.666,415.0,2064.0,443.0,44.12,89.45,65.42,35984.0591
Poland,1997,38544.841,429.0,1891.0,478.0,42.9,94.35,82.39,36947.9944
Poland,1998,38564.195,430.0,2026.0,524.0,41.99,91.05,75.13,35153.3508
Poland,1999,38567.854,385.0,2043.0,573.0,43.87,79.57,65.95,33895.0146
Poland,2000,38556.693,349.0,1923.0,589.0,48.59,86.06,80.13,32553.5553
Poland,2001,38529.582,316.0,1849.0,703.0,48.23,86.38,94.55,31583.1821
Poland,2002,38488.647,281.0,2023.0,823.0,45.53,74.56,77.74,31569.8969
Poland,2003,38441.824,317.0,2190.0,713.0,41.89,77.35,69.34,31434.2979
Poland,2004,38399.558,311.0,1956.0,796.0,56.76,85.41,90.85,30816.8347
Poland,2005,38368.949,310.0,1956.0,892.0,67.84,81.9,83.11,31664.1624
Poland,2006,38354.45,363.0,2098.0,919.0,67.72,71.14,77.34,32214.7663
Poland,2007,38353.338,380.0,2151.0,1022.0,66.11,90.22,75.32,32931.1496
Poland,2008,38356.786,393.0,1920.0,865.0,67.54,90.28,87.2,32261.0415
Poland,2009,38351.916,397.0,1736.0,1195.0,75.78,96.26,99.18,31349.7041
Poland,2010,38329.781,401.0,1895.0,1256.0,76.42,91.28,84.59,31977.0364
Poland,2011,38286.831,391.0,1936.0,1295.0,93.47,105.6,98.33,31420.7711
Poland,2012,38227.044,383.0,1849.0,1548.0,107.21,109.96,117.54,31512.0302
Poland,2013,38158.041,386.0,1745.0,1669.0,103.86,110.24,117.26,30982.8416
Poland,2014,38091.089,446.0,1865.0,1839.0,99.96,105.4,104.86,30761.5461
Poland,2015,38034.079,487.0,1976.0,1958.0,100.89,99.59,93.42,30959.982
Poland,2016,37989.22,512.0,2009.0,2234.0,99.15,95.01,101.73,31324.4653
Poland,2017,37953.18,569.0,2033.0,2325.0,106.43,95.86,109.82,31730.1226
Poland,2018,37921.592,584.0,2133.0,2509.0,110.23,99.11,97.35,31700.3389
Romania,1993,23256.956,252.0,761.0,301.0,0.81,2.73,1.58,21708.9243
Romania,1994,23115.811,258.0,775.0,260.0,1.65,6.87,3.52,21026.7778
Romania,1995,22964.754,202.0,673.0,286.0,2.69,9.58,5.04,19644.7786
Romania,1996,22805.703,177.0,631.0,293.0,3.73,13.27,6.9,19428.4556
Romania,1997,22637.604,185.0,667.0,254.0,8.4,32.83,15.69,19189.3323
Romania,1998,22466.286,150.0,617.0,267.0,14.3,55.35,22.63,18322.9031
Romania,1999,22298.125,153.0,595.0,269.0,14.26,57.36,20.04,17497.2717
Romania,2000,22137.419,162.0,502.0,259.0,19.89,69.44,36.59,16969.5464
Romania,2001,21989.35,145.0,460.0,284.0,36.4,115.32,75.49,16820.2207
Romania,2002,21853.273,156.0,476.0,340.0,62.23,140.57,74.38,16004.0723
Romania,2003,21720.407,185.0,533.0,344.0,55.05,137.48,59.98,16380.1475
Romania,2004,21577.885,162.0,374.0,303.0,43.8,80.07,71.43,17227.491
Romania,2005,21417.291,190.0,436.0,309.0,55.18,86.9,85.9,17256.5287
Romania,2006,21234.305,159.0,452.0,273.0,55.35,89.59,76.74,17081.7379
Romania,2007,21034.189,165.0,470.0,312.0,49.83,90.81,65.02,16993.6488
Romania,2008,20829.517,150.0,439.0,316.0,58.86,93.73,84.8,17420.0097
Romania,2009,20637.991,155.0,471.0,371.0,80.1,90.32,93.41,17023.4763
Romania,2010,20471.864,154.0,429.0,349.0,81.1,94.71,90.29,16608.0928
Romania,2011,20336.718,142.0,454.0,327.0,92.14,102.77,95.42,15085.2522
Romania,2012,20227.469,114.0,443.0,352.0,92.64,106.18,111.17,14551.996
Romania,2013,20132.776,96.0,396.0,323.0,100.33,122.29,112.82,15251.7876
Romania,2014,20035.93,108.0,460.0,397.0,99.67,100.81,106.41,15207.604
Romania,2015,19925.175,119.0,470.0,411.0,101.17,97.88,95.79,15572.7741
Romania,2016,19796.285,116.0,501.0,419.0,99.16,101.3,97.8,15704.5683
Romania,2017,19653.969,111.0,492.0,436.0,106.02,105.45,113.37,15804.1117
Romania,2018,19506.114,99.0,481.0,480.0,118.9,92.76,100.73,15628.3609
Russian Federation,1992,148268.581,3632.0,2784.0,1428.0,0.03,0.04,0.03,216897.0362
Russian Federation,1993,148373.58,3359.0,2432.0,1277.0,0.31,0.64,0.45,205251.3329
Russian Federation,1994,148349.441,3240.0,2103.0,1068.0,0.82,1.97,1.34,185587.7668
Russian Federation,1995,148227.466,2733.0,1865.0,859.0,2.78,5.77,4.36,166240.7729
Russian Federation,1996,148020.847,2630.0,1705.0,690.0,3.73,8.16,5.85,152648.5582
Russian Federation,1997,147730.019,2394.0,1546.0,630.0,4.51,10.29,7.49,136011.1334
Russian Federation,1998,147360.604,2247.0,1505.0,690.0,5.6,12.58,9.04,125312.5684
Russian Federation,1999,146915.915,1868.0,1485.0,748.0,13.31,23.89,16.74,114256.6705
Russian Federation,2000,146404.903,1894.0,1569.0,755.0,16.05,29.64,20.77,114036.4588
Russian Federation,2001,145830.721,1873.0,1498.0,862.0,22.45,38.89,32.27,115042.0088
Russian Federation,2002,145215.7,1957.0,1583.0,938.0,29.53,37.21,34.13,114333.9062
Russian Federation,2003,144610.882,1990.0,1706.0,1030.0,25.12,41.41,31.79,116590.4008
Russian Federation,2004,144080.643,1951.0,1643.0,1152.0,29.29,51.96,40.32,103921.8674
Russian Federation,2005,143672.116,1794.0,1520.0,1346.0,38.6,59.07,51.96,99613.6249
Russian Federation,2006,143403.256,1705.0,1641.0,1580.0,44.54,57.64,53.41,96797.9687
Russian Federation,2007,143266.212,1690.0,1873.0,1869.0,47.4,62.74,50.55,97418.5197
Russian Federation,2008,143248.764,1769.0,2042.0,2001.0,51.81,65.24,62.86,103772.1407
Russian Federation,2009,143326.913,1741.0,2169.0,2313.0,61.72,78.49,71.38,99256.7776
Russian Federation,2010,143479.274,1727.0,2331.0,2563.0,63.51,76.66,71.88,97385.219
Russian Federation,2011,143703.025,1625.0,2428.0,2895.0,73.77,78.95,78.72,97727.2274
Russian Federation,2012,143993.892,1642.0,2559.0,3299.0,82.97,79.86,85.79,97409.2176
Russian Federation,2013,144325.449,1633.0,2816.0,3457.0,81.87,78.68,73.87,96208.6947
Russian Federation,2014,144664.841,1654.0,2974.0,3770.0,84.46,92.13,96.96,98865.217
Russian Federation,2015,144985.057,1649.0,3099.0,4088.0,105.94,103.16,106.18,96491.6176
Russian Federation,2016,145275.383,1589.0,3355.0,4232.0,109.61,104.71,96.85,97552.2456
Russian Federation,2017,145530.082,1569.0,3516.0,4542.0,110.74,98.5,99.46,96648.3307
Russian Federation,2018,145734.038,1608.0,3744.0,4543.0,112.97,102.54,102.63,97161.2609
South Africa,1991,37718.95,665.0,113.0,503.0,12.69,21.98,17.02,33070.2322
South Africa,1992,38672.607,703.0,130.0,499.0,12.76,23.32,19.56,32456.5744
South Africa,1993,39633.75,694.0,120.0,527.0,13.47,27.1,20.14,32083.9574
South Africa,1994,40564.059,611.0,119.0,562.0,19.13,31.3,26.0,31338.6551
South Africa,1995,41435.758,508.0,127.0,604.0,19.22,33.7,24.33,31145.5115
South Africa,1996,42241.011,508.0,128.0,653.0,20.47,34.97,24.97,32669.5179
South Africa,1997,42987.461,502.0,125.0,696.0,21.19,40.09,32.14,33116.6845
South Africa,1998,43682.26,496.0,119.0,670.0,20.07,42.68,32.14,33839.1464
South Africa,1999,44338.543,512.0,123.0,711.0,20.56,37.65,31.18,33559.9958
South Africa,2000,44967.708,625.0,104.0,821.0,24.33,39.46,37.2,33537.8129
South Africa,2001,45571.274,525.0,111.0,898.0,25.6,44.85,38.54,32603.1894
South Africa,2002,46150.913,574.0,111.0,930.0,33.7,52.82,49.85,33830.7009
South Africa,2003,46719.196,610.0,134.0,905.0,35.98,54.29,46.99,32045.8452
South Africa,2004,47291.61,655.0,145.0,912.0,39.85,54.32,46.95,31419.8528
South Africa,2005,47880.601,705.0,147.0,955.0,42.45,54.19,45.6,32489.8426
South Africa,2006,48489.459,804.0,151.0,977.0,53.79,57.99,47.65,31403.9651
South Africa,2007,49119.759,805.0,225.0,1132.0,56.35,65.66,57.12,32363.2603
South Africa,2008,49779.471,783.0,296.0,1334.0,60.92,71.21,66.38,32781.3912
South Africa,2009,50477.011,771.0,313.0,1394.0,63.41,80.54,68.94,32978.8305
South Africa,2010,51216.964,848.0,204.0,1478.0,65.37,78.87,65.15,32854.2662
South Africa,2011,52003.755,829.0,203.0,1492.0,79.47,81.94,73.23,32638.9817
South Africa,2012,52832.658,844.0,211.0,1496.0,81.64,94.37,80.2,33201.6012
South Africa,2013,53687.121,953.0,216.0,1679.0,80.16,99.61,83.67,32259.1387
South Africa,2014,54544.186,1001.0,234.0,1724.0,89.77,95.92,92.72,32433.0529
South Africa,2015,55386.367,1073.0,237.0,1734.0,95.33,104.08,98.97,30937.767
South Africa,2016,56207.646,1090.0,240.0,1685.0,114.9,112.19,108.31,29611.9966
South Africa,2017,57009.756,1014.0,235.0,1665.0,139.74,108.27,122.09,31042.1992
South Africa,2018,57792.518,1003.0,265.0,1762.0,142.46,109.61,106.81,30383.9058
Spain,1991,39299.081,509.0,1877.0,880.0,78.22,50.48,144.07,38820.4772
Spain,1992,39410.857,539.0,1918.0,858.0,73.69,51.59,152.22,37353.9416
Spain,1993,39533.725,488.0,2089.0,836.0,89.86,55.34,131.99,37475.0958
Spain,1994,39660.069,484.0,2124.0,874.0,91.96,58.39,144.54,37694.3487
Spain,1995,39787.419,508.0,2175.0,924.0,85.95,50.27,162.27,37517.2557
Spain,1996,39908.959,565.0,2356.0,887.0,75.51,60.07,177.45,39821.9968
Spain,1997,40035.293,592.0,2401.0,906.0,79.58,56.82,185.89,40893.9642
Spain,1998,40201.56,651.0,2744.0,1051.0,83.31,54.68,134.28,42466.8142
Spain,1999,40454.47,661.0,2893.0,1002.0,83.06,45.97,123.28,42587.0107
Spain,2000,40824.754,651.0,2905.0,990.0,81.88,59.43,158.87,43228.4844
Spain,2001,41319.427,651.0,2989.0,1039.0,74.88,65.16,196.68,43413.957
Spain,2002,41919.585,679.0,3070.0,1226.0,86.38,67.81,134.4,43517.5423
Spain,2003,42596.453,706.0,3190.0,1227.0,84.84,76.4,125.46,44700.6437
Spain,2004,43308.345,714.0,3076.0,1133.0,81.06,78.32,135.91,44361.0904
Spain,2005,44019.123,715.0,3168.0,1146.0,85.13,81.34,139.95,42366.7577
Spain,2006,44728.565,670.0,3235.0,1139.0,98.06,88.78,118.97,42219.7633
Spain,2007,45429.076,620.0,3439.0,1221.0,96.13,99.42,108.17,43331.9541
Spain,2008,46068.811,658.0,3484.0,1187.0,94.53,93.56,118.46,39704.7358
Spain,2009,46583.565,598.0,3291.0,1295.0,97.22,91.93,114.12,40041.5785
Spain,2010,46931.015,607.0,3369.0,1245.0,93.78,89.22,115.22,40302.5437
Spain,2011,47084.24,604.0,3469.0,1355.0,101.09,105.38,126.18,38904.0273
Spain,2012,47063.06,591.0,3466.0,1368.0,111.69,114.18,138.11,38012.9305
Spain,2013,46930.555,581.0,3431.0,1329.0,118.54,110.39,142.04,38813.0583
Spain,2014,46777.925,585.0,3556.0,1368.0,103.79,104.48,131.26,40292.8389
Spain,2015,46671.926,626.0,3855.0,1374.0,97.37,101.17,84.35,41387.3578
Spain,2016,46634.14,637.0,4181.0,1518.0,98.84,94.35,84.39,41337.6665
Spain,2017,46647.428,644.0,4299.0,1515.0,103.97,105.9,93.31,41934.1863
Spain,2018,46692.858,669.0,4530.0,1622.0,102.55,105.86,84.75,41583.522
Thailand,1991,57232.465,320.0,515.0,873.0,22.6,61.73,43.24,70774.1365
Thailand,1992,57811.021,390.0,493.0,1040.0,22.77,55.83,45.13,72360.0434
Thailand,1993,58337.773,404.0,501.0,1056.0,21.21,57.47,34.24,73115.0657
Thailand,1994,58875.269,377.0,562.0,996.0,21.27,63.76,38.57,73193.1849
Thailand,1995,59467.274,359.0,548.0,1007.0,21.45,69.8,51.58,71067.8729
Thailand,1996,60130.186,323.0,521.0,1044.0,22.96,67.82,57.02,70209.039
Thailand,1997,60846.582,285.0,537.0,1057.0,26.1,70.1,55.77,71200.82
Thailand,1998,61585.103,253.0,524.0,1210.0,27.16,81.21,54.03,67811.8928
Thailand,1999,62298.571,230.0,509.0,1181.0,30.81,72.71,61.1,69347.9563
Thailand,2000,62952.642,202.0,693.0,1149.0,37.85,66.6,48.84,67623.1848
Thailand,2001,63539.196,150.0,702.0,1242.0,41.55,74.61,52.59,68974.1234
Thailand,2002,64069.087,143.0,787.0,1274.0,44.8,66.48,54.53,67926.6286
Thailand,2003,64549.866,145.0,867.0,1337.0,50.06,68.25,47.61,72047.5
Thailand,2004,64995.299,153.0,872.0,954.0,52.51,71.82,64.49,71470.7746
Thailand,2005,65416.189,155.0,894.0,1093.0,50.56,90.99,71.43,72500.9582
Thailand,2006,65812.536,163.0,935.0,1155.0,52.38,79.99,67.85,72878.5034
Thailand,2007,66182.067,183.0,1041.0,1193.0,45.57,85.36,55.28,77634.6257
Thailand,2008,66530.984,205.0,903.0,1235.0,38.59,94.49,76.86,77223.6906
Thailand,2009,66866.839,211.0,809.0,1232.0,38.12,96.7,82.01,80879.5145
Thailand,2010,67195.028,223.0,862.0,1301.0,37.98,108.46,86.5,84922.4013
Thailand,2011,67518.388,207.0,880.0,1334.0,43.62,118.68,94.47,83648.2097
Thailand,2012,67835.962,210.0,886.0,1410.0,50.68,106.56,81.69,83224.8699
Thailand,2013,68144.518,195.0,891.0,1470.0,61.69,109.65,94.2,80943.1748
Thailand,2014,68438.746,162.0,949.0,1814.0,87.32,108.13,108.23,74625.3622
Thailand,2015,68714.511,170.0,955.0,1768.0,107.17,97.2,95.25,68729.3922
Thailand,2016,68971.308,166.0,1005.0,1783.0,105.5,94.67,96.52,73730.9466
Thailand,2017,69209.81,173.0,994.0,1788.0,84.45,94.52,85.06,75328.3478
Thailand,2018,69428.453,168.0,999.0,1780.0,83.84,87.21,80.26,73596.4368
Turkey,1991,54840.59,348.0,0.0,414.0,0.09,0.21,0.13,41856.7447
Turkey,1992,55748.948,309.0,0.0,439.0,0.1,0.38,0.25,43032.2076
Turkey,1993,56653.804,303.0,0.0,460.0,0.17,0.56,0.36,43620.4949
Turkey,1994,57564.204,325.0,0.0,490.0,0.34,0.99,0.47,40892.782
Turkey,1995,58486.456,299.0,0.0,506.0,0.88,0.84,0.85,40356.6916
Turkey,1996,59423.282,305.0,1.0,436.0,1.19,1.39,2.19,40362.0706
Turkey,1997,60372.568,385.0,0.0,486.0,1.7,2.7,4.39,40185.3978
Turkey,1998,61329.676,364.0,0.0,510.0,3.88,5.14,6.43,40303.7458
Turkey,1999,62287.397,355.0,0.0,615.0,8.78,6.61,9.92,39899.7592
Turkey,2000,63240.194,359.0,0.0,661.0,11.82,9.09,21.34,39335.8935
Turkey,2001,64192.243,334.0,0.0,631.0,14.93,9.61,12.41,36511.1313
Turkey,2002,65145.367,329.0,0.0,711.0,18.93,18.64,23.39,35909.6484
Turkey,2003,66089.402,292.0,0.0,886.0,23.58,20.42,35.08,35730.3319
Turkey,2004,67010.93,367.0,0.0,894.0,30.87,21.98,47.43,35420.2673
Turkey,2005,67903.469,323.0,0.0,953.0,35.55,22.49,48.12,36071.6739
Turkey,2006,68756.81,342.0,0.0,933.0,38.26,25.18,51.73,37060.5376
Turkey,2007,69581.848,434.0,0.0,1083.0,41.99,33.42,55.76,36681.1626
Turkey,2008,70418.604,372.0,0.0,1101.0,46.69,34.16,62.49,35328.4167
Turkey,2009,71321.399,326.0,0.0,1309.0,50.97,44.25,63.74,37015.194
Turkey,2010,72326.988,622.0,0.0,1457.0,79.53,45.51,76.53,35827.4489
Turkey,2011,73443.25,647.0,0.0,1627.0,86.89,89.06,79.94,36708.8123
Turkey,2012,74651.05,801.0,0.0,1736.0,79.66,95.75,84.17,40202.8554
Turkey,2013,75925.462,870.0,0.0,1772.0,68.69,94.31,83.05,44208.4883
Turkey,2014,77229.256,883.0,0.0,1946.0,75.15,94.24,92.09,44828.7974
Turkey,2015,78529.409,1015.0,0.0,1965.0,99.94,94.51,102.4,45631.9883
Turkey,2016,79827.871,1060.0,0.0,1928.0,124.91,111.26,105.51,47502.2713
Turkey,2017,81116.45,989.0,0.0,2192.0,149.64,121.45,118.24,47173.3118
Turkey,2018,82340.088,1004.0,0.0,2229.0,172.93,147.52,132.01,49330.4626
Ukraine,1994,51147.773,1427.0,916.0,264.0,0.65,1.29,0.87,75690.2419
Ukraine,1995,50903.785,1186.0,807.0,235.0,2.77,5.85,3.92,69419.0199
Ukraine,1996,50580.475,1048.0,789.0,218.0,4.5,9.19,6.48,61686.8878
Ukraine,1997,50187.276,930.0,710.0,186.0,4.78,11.3,8.01,55903.072
Ukraine,1998,49746.523,793.0,668.0,200.0,6.71,13.61,11.74,47990.3528
Ukraine,1999,49288.734,791.0,656.0,204.0,8.1,16.28,11.99,44430.0286
Ukraine,2000,48838.065,754.0,676.0,193.0,11.2,20.92,14.51,41638.1894
Ukraine,2001,48401.656,646.0,591.0,239.0,19.3,26.21,27.79,38975.4521
Ukraine,2002,47980.039,704.0,599.0,300.0,15.79,23.31,23.08,39502.0481
Ukraine,2003,47582.461,723.0,631.0,324.0,14.8,23.28,19.3,38141.7954
Ukraine,2004,47217.493,618.0,559.0,375.0,23.57,25.81,32.45,34668.7632
Ukraine,2005,46890.772,562.0,494.0,497.0,31.83,33.82,45.86,32286.9692
Ukraine,2006,46607.395,568.0,526.0,589.0,28.63,31.45,37.95,31418.7992
Ukraine,2007,46366.353,546.0,635.0,692.0,31.67,32.58,34.32,30854.2393
Ukraine,2008,46158.711,480.0,590.0,799.0,50.92,48.73,59.42,31138.3759
Ukraine,2009,45970.941,454.0,527.0,897.0,47.11,49.86,63.82,28549.9837
Ukraine,2010,45792.09,428.0,631.0,956.0,50.92,54.46,56.49,28597.5513
Ukraine,2011,45619.844,399.0,704.0,998.0,65.42,58.53,61.85,29539.1773
Ukraine,2012,45453.806,389.0,701.0,1077.0,67.91,65.46,72.8,28944.7581
Ukraine,2013,45286.983,428.0,748.0,1171.0,58.13,63.17,71.42,30849.5493
Ukraine,2014,45111.532,413.0,743.0,1194.0,73.78,77.88,83.18,30103.2894
Ukraine,2015,44921.639,384.0,760.0,1173.0,111.93,110.33,109.4,28193.6416
Ukraine,2016,44713.702,376.0,748.0,1193.0,114.29,111.79,107.42,28821.8953
Ukraine,2017,44487.709,364.0,736.0,1211.0,196.55,146.77,150.66,29303.9315
Ukraine,2018,44246.156,359.0,703.0,1287.0,166.64,149.99,174.57,29270.7639
United States of America,1991,254539.37,10534.0,7258.0,11324.0,52.18,56.16,81.29,364920.2282
United States of America,1992,256990.613,10612.0,7817.0,12008.0,51.17,57.98,68.9,372233.5171
United States of America,1993,259532.129,10584.0,7751.0,12440.0,52.12,62.03,74.83,373342.3546
United States of America,1994,262241.196,11194.0,8027.0,13247.0,47.85,63.85,66.12,383232.3419
United States of America,1995,265163.745,11585.0,8097.0,13827.0,44.34,62.7,67.09,381888.6201
United States of America,1996,268335.003,11749.0,7764.0,14567.0,42.55,69.48,88.28,385783.9144
United States of America,1997,271713.635,11714.0,7835.0,14999.0,45.28,68.73,88.58,384396.444
United States of America,1998,275175.301,11803.0,8623.0,15178.0,42.77,71.63,56.95,382459.4966
United States of America,1999,278548.15,12123.0,8758.0,16039.0,45.51,67.66,53.49,379955.1494
United States of America,2000,281710.909,12298.0,8597.0,16416.0,49.22,62.03,71.07,374275.2543
United States of America,2001,284607.993,11982.0,8691.0,16813.0,51.17,71.13,73.03,372289.566
United States of America,2002,287279.318,12427.0,8929.0,17077.0,47.72,56.49,55.15,371593.604
United States of America,2003,289815.562,12039.0,9056.0,17276.0,57.19,63.85,62.13,375755.6427
United States of America,2004,292354.658,11135.0,9303.0,18004.0,61.59,82.05,84.82,377166.1294
United States of America,2005,294993.511,11196.0,9383.0,18623.0,64.39,80.23,82.12,376574.4615
United States of America,2006,297758.969,11863.0,9550.0,18882.0,62.57,65.67,76.18,379899.4492
United States of America,2007,300608.429,11979.0,9951.0,19387.0,64.52,79.49,77.16,383237.3204
United States of America,2008,303486.012,12163.0,10599.0,19881.0,63.93,83.54,77.84,382391.8396
United States of America,2009,306307.567,11891.0,10442.0,18953.0,57.62,82.63,68.9,376526.6835
United States of America,2010,309011.475,12046.0,10186.0,19583.0,66.18,89.33,89.63,378351.8845
United States of America,2011,311584.047,11921.0,10331.0,19792.0,81.09,83.71,108.19,378681.8044
United States of America,2012,314043.885,11811.0,10554.0,19796.0,86.85,93.22,106.31,375441.5399
United States of America,2013,316400.538,11719.0,10525.0,20085.0,89.71,110.17,111.34,373914.3253
United States of America,2014,318673.411,11698.0,10368.0,20399.0,109.08,116.38,126.75,373931.5601
United States of America,2015,320878.31,10778.0,11121.0,21017.0,105.5,96.44,91.59,373331.4766
United States of America,2016,323015.995,11471.0,11320.0,21483.0,85.42,87.18,81.67,384945.3668
United States of America,2017,325084.756,11907.0,11611.0,21914.0,87.55,99.38,87.95,384572.654
United States of America,2018,327096.265,12219.0,11943.0,22298.0,83.97,103.39,83.15,388164.6516
Venezuela (Bolivarian Republic of),1991,20096.317,337.0,111.0,346.0,0.12,0.21,0.15,34107.3841
Venezuela (Bolivarian Republic of),1992,20557.683,365.0,133.0,368.0,0.17,0.2,0.15,34199.1542
Venezuela (Bolivarian Republic of),1993,21016.901,394.0,133.0,382.0,0.19,0.24,0.17,33535.1241
Venezuela (Bolivarian Republic of),1994,21474.549,351.0,125.0,397.0,0.28,0.36,0.24,34574.7747
Venezuela (Bolivarian Republic of),1995,21931.084,316.0,139.0,445.0,0.62,0.64,0.51,34904.1112
Venezuela (Bolivarian Republic of),1996,22385.65,350.0,138.0,476.0,0.86,1.17,0.79,34323.4613
Venezuela (Bolivarian Republic of),1997,22837.743,423.0,133.0,478.0,1.15,1.67,1.17,34711.7782
Venezuela (Bolivarian Republic of),1998,23288.564,408.0,118.0,522.0,1.66,1.9,1.53,35354.4186
Venezuela (Bolivarian Republic of),1999,23739.841,391.0,128.0,635.0,1.56,1.94,1.47,35451.9036
Venezuela (Bolivarian Republic of),2000,24192.446,429.0,126.0,693.0,1.85,2.06,1.47,36668.6481
Venezuela (Bolivarian Republic of),2001,24646.472,418.0,119.0,877.0,2.17,2.44,1.77,38040.0386
Venezuela (Bolivarian Republic of),2002,25100.408,429.0,119.0,893.0,2.54,2.7,1.96,38172.8553
Venezuela (Bolivarian Republic of),2003,25551.624,435.0,120.0,676.0,3.18,4.54,2.61,39532.1628
Venezuela (Bolivarian Republic of),2004,25996.594,376.0,101.0,686.0,5.87,5.97,5.07,40001.8909
Venezuela (Bolivarian Republic of),2005,26432.447,425.0,126.0,739.0,6.35,7.93,6.49,41403.9918
Venezuela (Bolivarian Republic of),2006,26850.194,516.0,137.0,735.0,7.61,8.29,8.42,41149.1971
Venezuela (Bolivarian Republic of),2007,27247.61,481.0,154.0,780.0,9.49,10.27,9.51,42074.7999
Venezuela (Bolivarian Republic of),2008,27635.832,483.0,164.0,802.0,12.01,14.54,12.63,42982.8828
Venezuela (Bolivarian Republic of),2009,28031.009,492.0,165.0,907.0,13.79,14.55,16.21,42886.2611
Venezuela (Bolivarian Republic of),2010,28439.94,470.0,202.0,1077.0,14.57,17.06,16.57,36823.2058
Venezuela (Bolivarian Republic of),2011,28887.874,489.0,220.0,1164.0,16.29,25.81,23.51,36604.7593
Venezuela (Bolivarian Republic of),2012,29360.837,501.0,197.0,984.0,24.62,35.05,29.03,42162.4414
Venezuela (Bolivarian Republic of),2013,29781.04,577.0,205.0,915.0,43.51,53.41,45.38,42570.3448
Venezuela (Bolivarian Republic of),2014,30042.968,524.0,196.0,891.0,100.0,100.0,100.0,42531.5451
Venezuela (Bolivarian Republic of),2018,28887.118,438.0,124.0,448.0,4542676.29,5227972.94,2471138.69,40285.9724
Viet Nam,1991,69436.954,165.0,716.0,165.0,11.27,16.98,18.15,52208.8476
Viet Nam,1992,70883.481,173.0,820.0,177.0,9.08,13.67,14.61,53354.058
Viet Nam,1993,72300.308,171.0,878.0,169.0,10.33,15.56,16.63,54640.5143
Viet Nam,1994,73651.218,176.0,958.0,170.0,11.34,17.08,18.26,57072.256
Viet Nam,1995,74910.461,180.0,1007.0,176.0,13.65,20.57,21.98,58140.9354
Viet Nam,1996,76068.743,175.0,1052.0,197.0,15.88,23.92,25.57,60853.0169
Viet Nam,1997,77133.214,164.0,1154.0,285.0,15.39,23.19,24.78,61288.5873
Viet Nam,1998,78115.71,163.0,1228.0,299.0,15.07,22.7,24.26,64481.9531
Viet Nam,1999,79035.871,179.0,1318.0,326.0,14.89,22.44,23.98,66717.5289
Viet Nam,2000,79910.412,185.0,1409.0,365.0,14.92,22.48,24.02,67818.9062
Viet Nam,2001,80742.499,195.0,1515.0,385.0,14.39,19.88,23.17,65331.3871
Viet Nam,2002,81534.407,201.0,1654.0,420.0,14.69,23.29,29.61,66612.9385
Viet Nam,2003,82301.656,204.0,1795.0,456.0,15.65,22.82,23.69,68290.1709
Viet Nam,2004,83062.821,221.0,2012.0,388.0,17.0,30.35,33.19,69925.1661
Viet Nam,2005,83832.661,245.0,2288.0,394.0,17.99,32.5,33.78,69806.2925
Viet Nam,2006,84617.54,263.0,2505.0,415.0,18.65,30.76,36.52,70667.8338
Viet Nam,2007,85419.591,316.0,2663.0,432.0,21.73,50.3,41.58,71821.296
Viet Nam,2008,86243.413,333.0,2783.0,530.0,37.54,61.04,64.53,69559.4544
Viet Nam,2009,87092.252,369.0,3036.0,608.0,41.51,68.63,62.19,74144.7458
Viet Nam,2010,87967.651,384.0,3036.0,531.0,49.68,74.2,63.64,71968.8006
Viet Nam,2011,88871.38,387.0,3099.0,599.0,59.94,91.63,100.81,70844.8404
Viet Nam,2012,89801.926,390.0,3160.0,626.0,75.33,94.04,94.85,71768.7073
Viet Nam,2013,90752.592,379.0,3218.0,633.0,85.6,101.28,89.75,74548.6631
Viet Nam,2014,91713.848,379.0,3351.0,731.0,92.33,101.2,100.69,73091.2407
Viet Nam,2015,92677.076,385.0,3492.0,796.0,97.11,102.6,98.35,75686.9408
Viet Nam,2016,93640.422,395.0,3665.0,842.0,110.56,96.2,100.96,74824.7125
Viet Nam,2017,94600.648,410.0,3733.0,892.0,108.58,92.35,74.4,74827.956
Viet Nam,2018,95545.962,427.0,3816.0,947.0,101.2,103.41,91.25,74592.0888
