Area,Year,Bovine Price,Poultry Price,Pig Price,Bovine Production,Pig Production,Poultry Production,Population,Ag_jobs
Albania,2007,5927.4,2952.6,4644.6,50.0,14.0,13.0,3033.998,358.403
Albania,2008,6708.4,3182.6,5006.3,57.0,16.0,16.0,3002.678,501.433
Albania,2009,7054.3,3337.6,5474.9,58.0,16.0,17.0,2973.048,511.223
Albania,2010,6494.4,3049.9,5031.9,64.0,17.0,17.0,2948.023,491.227
Albania,2011,7572.2,3350.0,5580.1,65.0,18.0,17.0,2928.592,526.261
Albania,2012,6493.5,4528.2,5546.1,69.0,17.0,16.0,2914.096,521.184
Albania,2013,6731.6,4807.5,4202.9,70.0,17.0,17.0,2903.79,450.893
Albania,2014,6451.5,5728.4,5028.4,38.0,12.0,13.0,2896.305,430.806
Albania,2015,5702.6,3660.9,4025.0,39.0,11.0,13.0,2890.513,445.532
Albania,2016,5771.4,3216.3,4099.6,39.0,11.0,13.0,2886.438,460.737
Albania,2017,6037.0,3292.9,4355.4,39.0,12.0,13.0,2884.169,453.779
Albania,2018,6735.7,3773.1,4890.6,39.0,10.0,16.0,2882.74,458.226
Argentina,2004,1391.6,1048.2,929.2,3024.0,160.0,909.0,38491.972,138.105
Argentina,2005,1620.1,916.4,954.3,3131.0,185.0,1053.0,38892.931,121.55
Argentina,2006,1496.4,739.2,946.0,3034.0,230.0,1202.0,39289.878,104.167
Argentina,2008,1741.1,981.3,1281.0,3132.0,274.0,1445.0,40080.16,122.143
Argentina,2009,1576.3,829.7,1069.5,3378.0,289.0,1546.0,40482.788,127.364
Argentina,2010,3141.2,1255.5,1549.0,2630.0,279.0,1643.0,40895.752,133.34
Argentina,2011,4010.2,1413.2,1752.4,2499.0,301.0,1825.0,41320.5,68.041
Argentina,2012,3772.7,1361.2,1944.7,2594.0,331.0,1949.0,41755.196,66.354
Argentina,2013,3482.4,1378.2,1752.9,2822.0,416.0,1967.0,42196.03,67.219
Argentina,2014,3570.6,1319.6,1722.8,2674.0,442.0,1981.0,42637.511,60.228
Armenia,2007,3524.9,3456.7,3780.4,43.0,13.0,6.0,2932.618,434.2
Armenia,2008,4127.8,3986.9,7091.0,49.0,8.0,7.0,2907.618,304.129
Armenia,2014,4937.7,4022.8,6840.0,59.0,16.0,9.0,2912.409,394.765
Armenia,2015,4191.6,3780.6,6084.8,64.0,18.0,10.0,2925.553,378.953
Armenia,2016,4099.2,3820.8,4254.2,68.0,18.0,10.0,2936.143,338.055
Armenia,2017,4469.1,3741.2,5213.0,71.0,17.0,11.0,2944.791,317.111
Armenia,2018,5630.6,3872.3,5640.7,69.0,16.0,12.0,2951.745,270.298
Australia,1991,1712.9,1581.2,1724.6,1760.0,312.0,417.0,17189.24,410.429
Australia,1992,1559.2,1374.9,1440.2,1791.0,336.0,443.0,17402.173,384.474
Australia,1993,1400.1,1323.9,1300.1,1826.0,328.0,464.0,17603.205,389.968
Australia,1994,1719.5,1466.6,1356.2,1825.0,344.0,489.0,17798.529,385.517
Australia,1995,1638.3,1452.2,1278.7,1803.0,351.0,489.0,17993.074,390.122
Australia,1996,1432.0,1454.7,1325.6,1745.0,334.0,507.0,18189.277,401.108
Australia,1997,1289.1,1323.3,1697.3,1810.0,344.0,589.0,18387.214,409.177
Australia,1998,1217.5,1127.0,1242.0,1955.0,369.0,631.0,18587.021,411.034
Australia,1999,1323.3,1100.7,1202.0,2011.0,362.0,607.0,18788.186,425.85
Australia,2000,1343.9,930.0,1263.3,1988.0,364.0,643.0,18991.431,430.415
Australia,2001,1445.6,827.6,1163.2,2119.0,365.0,641.0,19194.672,427.33
Australia,2002,1760.8,897.0,1327.3,2028.0,407.0,687.0,19401.368,401.665
Australia,2003,1827.0,1120.0,1406.7,2073.0,419.0,713.0,19624.166,366.928
Australia,2004,2258.4,1356.8,1591.4,2033.0,395.0,716.0,19879.649,355.875
Australia,2005,2619.3,1309.7,1777.8,2162.0,391.0,781.0,20178.54,352.725
Australia,2006,2619.0,1189.8,1722.9,2077.0,386.0,805.0,20526.303,344.181
Australia,2007,2812.3,1333.8,2067.6,2226.0,382.0,859.0,20916.344,345.593
Australia,2008,2646.4,1709.4,2002.2,2132.0,360.0,839.0,21332.282,344.739
Australia,2009,2500.4,1746.2,2324.9,2124.0,321.0,872.0,21750.851,348.493
Australia,2010,2870.1,1952.9,2648.1,2110.0,336.0,921.0,22154.679,355.062
Australia,2011,3536.9,2107.3,2771.5,2128.0,343.0,1055.0,22538.001,315.192
Australia,2012,3561.8,2084.3,2758.3,2129.0,349.0,1076.0,22903.948,317.115
Australia,2013,3122.2,1877.8,2533.3,2318.0,361.0,1098.0,23254.913,299.287
Australia,2014,2772.7,1737.0,2370.7,2595.0,362.0,1142.0,23596.424,323.517
Australia,2015,2235.0,1452.9,1955.5,2662.0,371.0,1155.0,23932.502,311.3
Austria,1991,4225.7,2210.6,2280.2,236.0,517.0,93.0,7772.701,256.4
Austria,1992,4422.8,2350.5,2513.4,247.0,527.0,99.0,7830.933,250.2
Austria,1993,4000.8,2218.1,2102.9,223.0,538.0,102.0,7892.086,246.5
Austria,1994,4097.6,2260.5,2332.3,212.0,598.0,103.0,7947.209,269.3
Austria,1995,3831.0,2387.4,1949.0,196.0,466.0,99.0,7990.121,269.55
Austria,1996,3300.8,2419.0,2071.4,221.0,481.0,98.0,8017.863,268.702
Austria,1997,2919.1,2134.5,1872.3,206.0,489.0,103.0,8032.876,248.734
Austria,1998,3140.9,2072.1,1311.1,197.0,508.0,106.0,8041.05,235.169
Austria,1999,2910.5,1908.6,1169.9,203.0,520.0,105.0,8051.113,229.23
Austria,2000,2571.1,1679.9,1268.1,203.0,502.0,111.0,8069.276,222.884
Austria,2001,2138.9,1737.6,1480.1,215.0,488.0,113.0,8097.748,214.575
Austria,2002,2456.2,1821.9,1232.8,212.0,511.0,113.0,8134.412,211.299
Austria,2003,2968.4,2162.5,1365.7,208.0,506.0,113.0,8175.852,206.137
Austria,2004,3265.5,2402.5,1688.6,206.0,516.0,120.0,8216.805,176.477
Austria,2005,3681.1,2384.0,1741.1,204.0,509.0,120.0,8253.65,197.631
Austria,2006,3851.5,2408.7,1831.6,216.0,505.0,115.0,8285.343,200.653
Austria,2007,4065.2,2696.4,1820.4,218.0,531.0,124.0,8313.737,216.85
Austria,2008,4672.6,2977.9,2241.1,224.0,526.0,125.0,8341.532,209.779
Austria,2009,4334.5,2791.1,1931.1,226.0,540.0,125.0,8372.663,211.943
Austria,2010,4185.4,2666.2,1827.8,227.0,546.0,134.0,8409.949,209.401
Austria,2011,4906.9,2864.9,2112.9,222.0,544.0,138.0,8453.501,200.091
Austria,2012,4933.8,2793.3,2197.1,222.0,530.0,134.0,8502.227,190.96
Austria,2013,5018.6,3117.4,2283.6,229.0,529.0,131.0,8556.189,187.82
Austria,2014,4869.3,3102.0,2122.9,223.0,527.0,135.0,8615.214,198.926
Austria,2015,4247.5,2343.4,1597.0,230.0,529.0,137.0,8678.66,187.959
Austria,2016,4137.2,2313.1,1659.3,228.0,515.0,147.0,8747.301,183.503
Austria,2017,4371.9,2350.9,1875.3,227.0,508.0,148.0,8819.901,167.428
Austria,2018,4582.0,3226.3,1771.4,234.0,510.0,152.0,8891.388,159.549
Azerbaijan,2003,1074.2,1254.5,932.7,67.0,1.0,27.0,8361.433,1290.4
Azerbaijan,2006,1920.8,1892.8,2377.4,73.0,1.0,36.0,8630.146,1576.3
Azerbaijan,2007,2298.1,2032.4,2182.7,75.0,1.0,49.0,8724.243,1547.4
Azerbaijan,2008,2435.5,2405.1,2521.9,78.0,1.0,51.0,8821.873,1605.9
Azerbaijan,2009,2695.9,2837.8,2625.0,103.0,1.0,67.0,8924.388,1628.576
Azerbaijan,2010,2819.2,2894.0,2653.5,114.0,1.0,64.0,9032.461,1655.014
Azerbaijan,2011,3300.0,3250.6,3203.7,117.0,1.0,72.0,9146.275,1657.476
Azerbaijan,2012,3440.7,3271.4,3309.6,118.0,1.0,87.0,9264.692,1673.806
Azerbaijan,2013,3830.5,3231.4,3699.2,121.0,1.0,94.0,9385.468,1677.39
Azerbaijan,2014,4234.3,3202.9,4080.1,122.0,1.0,99.0,9505.622,1691.725
Azerbaijan,2015,3220.8,2471.2,2928.0,130.0,1.0,97.0,9622.745,1698.4
Azerbaijan,2016,2193.4,1623.1,2444.1,131.0,0.0,96.0,9736.043,1729.6
Azerbaijan,2017,2498.3,1783.6,2614.5,133.0,0.0,104.0,9845.32,1752.864
Azerbaijan,2018,2705.9,2023.5,2647.1,136.0,0.0,109.0,9949.537,1769.3
Barbados,2007,5488.7,2517.6,4313.8,0.0,3.0,15.0,278.7,4.0
Barbados,2009,6011.9,2844.1,4873.0,0.0,3.0,15.0,281.104,3.775
Barbados,2010,6235.0,2949.6,5053.8,0.0,3.0,14.0,282.131,3.6
Belgium,2003,4527.2,1163.2,1500.1,275.0,1026.0,430.0,10419.032,69.783
Belgium,2004,5005.6,1264.1,1824.7,281.0,1054.0,473.0,10480.117,91.948
Belgium,2005,5172.6,1342.1,1824.5,267.0,1013.0,454.0,10546.886,86.356
Belgium,2006,5849.0,1220.9,1833.2,287.0,1001.0,484.0,10619.475,83.316
Belgium,2007,6306.9,1630.9,1730.2,288.0,1061.0,454.0,10697.572,81.286
Belgium,2008,6745.4,1809.2,2123.1,285.0,1056.0,336.0,10778.758,69.036
Belgium,2009,6493.0,1588.8,1808.3,262.0,1082.0,361.0,10859.94,65.735
Belgium,2010,6309.2,1586.1,1687.3,282.0,1124.0,404.0,10938.739,60.686
Belgium,2011,7007.2,1799.9,1933.3,272.0,1108.0,403.0,11013.853,58.644
Belgium,2012,6759.2,1652.3,2024.2,262.0,1110.0,411.0,11085.358,53.02
Belgium,2013,7237.7,1750.1,2045.0,250.0,1131.0,389.0,11154.009,61.605
Belgium,2014,7286.2,1692.6,1833.5,258.0,1118.0,433.0,11221.231,55.348
Belgium,2015,5453.1,1383.8,1344.1,268.0,1124.0,453.0,11287.94,53.551
Belgium,2016,5209.4,1324.5,1423.7,278.0,1061.0,461.0,11354.42,57.393
Belgium,2017,5331.1,1349.6,1608.3,282.0,1045.0,463.0,11419.748,53.966
Belgium,2018,5390.6,1430.7,1399.9,277.0,1073.0,470.0,11482.178,47.28
Bolivia (Plurinational State of),1991,995.4,790.4,1248.4,132.0,65.0,52.0,7011.453,17.44
Bolivia (Plurinational State of),1992,1120.1,828.1,1207.5,126.0,67.0,54.0,7160.92,21.26
Bolivia (Plurinational State of),1993,1189.2,783.1,1155.9,130.0,58.0,72.0,7312.85,20.43
Bolivia (Plurinational State of),2007,1025.3,695.2,1011.2,244.0,112.0,285.0,9558.439,1686.721
Bosnia and Herzegovina,2006,2514.3,1193.0,1731.8,22.0,10.0,14.0,3765.424,166.531
Bosnia and Herzegovina,2010,2548.2,1263.0,1846.0,23.0,13.0,38.0,3705.472,165.161
Bosnia and Herzegovina,2011,3032.2,1448.6,2022.2,22.0,17.0,46.0,3661.175,160.025
Bosnia and Herzegovina,2012,2874.8,1347.4,2156.1,23.0,16.0,53.0,3604.972,167.278
Bosnia and Herzegovina,2013,2989.6,1434.4,2238.1,16.0,13.0,42.0,3542.606,154.983
Bosnia and Herzegovina,2014,2763.5,1345.8,2084.5,11.0,10.0,43.0,3482.105,138.688
Bosnia and Herzegovina,2015,1998.9,1074.6,1544.7,23.0,9.0,49.0,3429.361,146.851
Bosnia and Herzegovina,2016,2170.1,1027.7,1425.3,16.0,9.0,57.0,3386.266,143.853
Bosnia and Herzegovina,2017,2285.9,967.5,1611.7,16.0,9.0,61.0,3351.525,153.924
Bosnia and Herzegovina,2018,2312.0,949.9,1553.4,12.0,7.0,62.0,3323.925,129.329
Bulgaria,2003,1502.8,1430.8,1464.7,29.0,71.0,71.0,7804.312,320.127
Bulgaria,2004,1676.8,1497.2,1981.6,31.0,78.0,84.0,7744.632,318.516
Bulgaria,2005,1963.7,1542.3,3022.1,30.0,75.0,98.0,7686.962,266.364
Bulgaria,2006,2106.8,1389.5,2706.3,23.0,75.0,107.0,7631.012,252.157
Bulgaria,2007,2423.2,1757.2,2680.4,22.0,76.0,116.0,7576.672,245.388
Bulgaria,2008,2927.0,2128.3,2716.2,20.0,74.0,109.0,7524.087,251.152
Bulgaria,2009,3066.5,1837.4,2581.8,22.0,74.0,130.0,7473.513,230.733
Bulgaria,2010,3049.9,1700.6,2315.7,20.0,70.0,107.0,7425.008,209.578
Bulgaria,2011,3536.8,1858.1,2539.1,21.0,73.0,104.0,7378.65,201.012
Bulgaria,2012,2893.5,1798.6,3260.3,21.0,73.0,108.0,7334.003,188.95
Bulgaria,2013,3160.2,2152.7,3449.6,19.0,73.0,98.0,7290.088,195.46
Bulgaria,2014,3359.7,1891.8,3394.8,18.0,67.0,102.0,7245.646,208.933
Bulgaria,2015,2757.1,1588.2,2494.6,19.0,69.0,106.0,7199.741,207.86
Bulgaria,2016,2280.2,1484.7,2523.0,18.0,73.0,109.0,7151.953,203.74
Cabo Verde,2015,9025.4,4386.6,4773.8,1.0,3.0,1.0,524.743,18.953
Cabo Verde,2017,9062.3,4469.3,4740.3,1.0,3.0,1.0,537.498,27.742
Cabo Verde,2018,9145.9,5045.8,4762.0,1.0,3.0,1.0,543.767,23.011
Canada,2003,2548.0,1392.6,1031.4,1203.0,1882.0,1112.0,31488.048,329.982
Canada,2004,2388.9,1527.0,1332.9,1504.0,1936.0,1123.0,31815.494,321.988
Canada,2005,2916.3,1625.3,1335.4,1464.0,1920.0,1164.0,32164.309,342.149
Canada,2006,3094.0,1667.4,1245.2,1327.0,1898.0,1169.0,32536.987,346.284
Canada,2007,3242.1,1930.2,1262.8,1279.0,1898.0,1208.0,32930.794,335.538
Canada,2008,3246.0,2183.0,1240.2,1288.0,1948.0,1230.0,33337.638,330.144
Canada,2009,2971.2,2081.4,1111.5,1252.0,1950.0,1211.0,33746.093,326.87
Canada,2010,3459.1,2220.7,1469.8,1272.0,1938.0,1216.0,34147.564,306.628
Canada,2011,4319.2,2637.5,1755.8,1141.0,1975.0,1222.0,34539.159,307.898
Canada,2012,4626.3,2721.7,1681.7,1060.0,2004.0,1233.0,34922.03,305.667
Canada,2013,4587.3,2688.2,1759.6,1056.0,1981.0,1254.0,35296.528,313.996
Canada,2014,5783.7,2392.5,2060.0,1069.0,1963.0,1276.0,35664.337,305.135
Canada,2015,6085.9,2011.7,1390.8,1018.0,2064.0,1318.0,36026.676,294.937
Chile,1991,1969.5,1405.3,1328.4,230.0,129.0,141.0,13495.258,866.6
Chile,1992,2330.1,1270.4,1608.9,200.0,138.0,208.0,13719.819,860.09
Chile,1993,2120.1,1163.4,1480.4,224.0,147.0,247.0,13944.937,825.31
Chile,1994,2128.1,1232.3,1412.1,240.0,161.0,299.0,14166.34,808.9
Chile,1995,2343.9,1331.9,1532.2,258.0,172.0,314.0,14380.866,789.18
Chile,1996,2205.5,1362.7,1439.2,259.0,185.0,338.0,14587.37,816.4
Chile,1997,2271.8,1412.7,1650.2,262.0,209.0,346.0,14786.22,775.89
Chile,1998,2194.7,1241.1,1413.1,256.0,235.0,376.0,14977.733,784.36
Chile,1999,1991.3,1074.9,1203.9,226.0,244.0,386.0,15162.8,780.07
Chile,2000,1813.5,1009.8,1193.8,226.0,261.0,432.0,15342.353,776.95
Chile,2001,1617.6,908.4,1068.3,218.0,303.0,478.0,15516.113,745.4
Chile,2002,1640.8,986.1,1081.4,200.0,351.0,445.0,15684.409,746.6
Chile,2003,1568.1,1027.5,1198.7,192.0,365.0,459.0,15849.652,771.8
Chile,2004,1783.5,1121.1,1585.9,208.0,373.0,529.0,16014.971,783.2
Chile,2005,2169.8,1228.6,1696.4,216.0,411.0,544.0,16182.721,777.1
Chile,2006,2454.7,1309.1,1651.7,238.0,468.0,614.0,16354.504,823.6
Chile,2007,2460.4,1457.3,1697.4,242.0,499.0,581.0,16530.195,808.3
Chile,2008,2371.5,1737.4,1125.9,240.0,522.0,611.0,16708.258,789.72
Chile,2009,2082.3,1592.0,1158.7,210.0,514.0,604.0,16886.186,833.904
Chile,2010,2924.9,1833.5,1382.5,211.0,498.0,594.0,17062.536,756.227
Chile,2011,3543.0,2010.2,1486.8,191.0,528.0,651.0,17233.576,768.286
Chile,2012,4778.8,2005.5,2636.0,198.0,584.0,669.0,17400.347,761.239
Chile,2013,4564.0,2139.6,2727.6,206.0,550.0,676.0,17571.507,737.731
Chile,2014,4177.9,2076.9,2659.6,224.0,520.0,664.0,17758.959,743.063
"China, Hong Kong SAR",1996,4564.1,2658.6,3470.0,20.0,156.0,59.0,6185.585,12.4
"China, Hong Kong SAR",1997,4520.7,2181.3,3506.4,15.0,153.0,60.0,6299.921,10.5
"China, Hong Kong SAR",1998,4503.4,3432.7,3476.5,19.0,161.0,55.0,6416.992,9.3
"China, Hong Kong SAR",1999,4259.1,2513.7,2544.0,18.0,161.0,65.0,6522.466,9.2
"China, Hong Kong SAR",2000,4505.1,2552.6,2385.8,18.0,161.0,68.0,6606.327,9.3
"China, Hong Kong SAR",2001,4662.3,2510.0,2340.1,15.0,165.0,62.0,6664.772,7.1
"China, Hong Kong SAR",2002,4685.3,2322.4,2343.8,14.0,147.0,62.0,6701.775,9.1
"China, Hong Kong SAR",2003,4803.0,2109.3,2421.1,13.0,145.0,59.0,6724.677,7.0
"China, Hong Kong SAR",2004,4789.4,3328.8,2537.8,14.0,161.0,29.0,6744.566,8.5
"China, Hong Kong SAR",2005,5294.9,2693.7,2645.3,14.0,148.0,39.0,6769.574,8.7
"China, Hong Kong SAR",2006,5453.3,3083.2,2760.3,14.0,146.0,29.0,6802.08,8.2
"China, Hong Kong SAR",2007,5810.9,3385.7,2944.4,12.0,132.0,38.0,6840.015,6.4
"China, Hong Kong SAR",2008,9903.9,3618.0,3815.0,9.0,116.0,38.0,6881.863,8.3
Colombia,1991,1517.3,1591.1,1079.5,701.0,133.0,386.0,33758.337,62.418
Colombia,1992,1768.8,1566.0,1219.0,595.0,135.0,408.0,34422.569,70.897
Colombia,1993,1675.2,1588.0,1141.8,603.0,134.0,445.0,35091.275,60.253
Colombia,1994,1960.6,1777.7,1321.7,646.0,133.0,499.0,35758.979,70.523
Colombia,1995,2047.9,1912.7,1652.5,702.0,133.0,553.0,36421.438,55.926
Colombia,1996,1897.5,1875.3,1528.1,730.0,129.0,465.0,37076.387,67.633
Colombia,1997,1897.5,1932.7,1754.6,763.0,103.0,433.0,37723.8,56.022
Colombia,1998,1935.0,1906.6,1985.5,766.0,75.0,507.0,38364.309,58.025
Colombia,1999,1733.2,1611.0,1630.6,716.0,107.0,496.0,38999.471,63.848
Colombia,2000,1476.5,1429.8,1435.7,745.0,105.0,504.0,39629.968,65.16
Colombia,2001,1628.0,1463.4,1451.9,700.0,98.0,596.0,40255.967,3661.1
Colombia,2002,1729.8,1339.1,1410.9,675.0,109.0,649.0,40875.36,3134.04
Colombia,2003,1552.4,1213.8,1272.8,642.0,124.0,678.0,41483.869,3172.733
Colombia,2004,1722.8,1375.5,1589.6,717.0,130.0,709.0,42075.955,3253.043
Colombia,2005,2102.9,1654.2,2015.3,792.0,128.0,763.0,42647.723,3407.683
Colombia,2006,2062.5,1537.4,1867.9,827.0,148.0,850.0,43200.897,3323.28
Colombia,2007,2669.9,1922.6,2324.7,856.0,177.0,925.0,43737.516,902.748
Colombia,2008,3000.4,2068.5,3118.3,917.0,170.0,1011.0,44254.975,3151.327
Colombia,2009,2898.7,1978.6,2653.2,810.0,171.0,1020.0,44750.054,3339.859
Colombia,2010,2781.0,2220.7,3046.6,767.0,197.0,1067.0,45222.7,3494.747
Colombia,2011,3111.2,2570.1,3175.2,821.0,216.0,1075.0,45662.748,3518.964
Colombia,2012,3320.5,2860.5,3160.3,854.0,239.0,1112.0,46075.718,3558.419
Colombia,2013,3265.4,2696.3,3277.1,848.0,243.0,1276.0,46495.493,3457.258
Colombia,2014,3183.9,2504.5,3313.3,837.0,263.0,1359.0,46967.696,3457.546
Colombia,2015,2440.8,1881.0,2142.3,854.0,305.0,1424.0,47520.667,3500.6
Congo,2009,6353.4,4878.0,5824.0,6.0,2.0,6.0,4145.391,21.037
Croatia,2004,3899.4,1834.1,2164.9,32.0,80.0,51.0,4383.882,268.458
Croatia,2005,4488.6,1821.7,2380.1,33.0,112.0,41.0,4378.058,272.005
Croatia,2006,4134.1,1840.3,2270.0,36.0,112.0,39.0,4370.777,225.827
Croatia,2007,4486.9,1854.0,2163.6,33.0,128.0,41.0,4362.426,214.11
Croatia,2008,5215.0,2067.4,2554.2,36.0,121.0,41.0,4352.636,226.854
Croatia,2009,4980.2,1869.5,2575.8,37.0,131.0,38.0,4341.264,234.072
Croatia,2010,4262.6,1779.5,2084.6,38.0,121.0,29.0,4328.165,240.763
Croatia,2011,4938.1,1909.2,2326.0,36.0,120.0,28.0,4313.099,236.794
Croatia,2012,4839.2,1806.8,2380.4,47.0,127.0,34.0,4295.878,191.62
Croatia,2013,4682.2,1864.2,2446.1,47.0,107.0,29.0,4276.598,164.184
Croatia,2014,4755.8,1762.4,2307.0,44.0,96.0,60.0,4255.512,148.738
Croatia,2015,4017.6,1454.3,1689.6,42.0,94.0,65.0,4232.874,146.025
Cyprus,2000,2244.1,1575.3,803.7,4.0,52.0,34.0,943.29,15.875
Cyprus,2001,2171.8,1555.7,917.9,4.0,51.0,35.0,960.276,14.975
Cyprus,2002,2434.5,1716.9,851.9,4.0,52.0,36.0,976.964,16.568
Cyprus,2003,3074.3,1952.8,1469.5,4.0,54.0,34.0,993.563,16.965
Cyprus,2004,3479.9,2258.7,1814.7,4.0,55.0,33.0,1010.408,17.174
Cyprus,2005,3708.1,2317.6,1875.6,4.0,55.0,34.0,1027.662,16.492
Cyprus,2006,3727.9,2363.2,2027.5,4.0,53.0,27.0,1045.507,15.223
Cyprus,2007,3873.8,3063.8,1990.9,4.0,55.0,28.0,1063.713,16.573
Cyprus,2008,4209.8,3672.2,2176.7,4.0,59.0,29.0,1081.563,16.199
Cyprus,2009,3945.5,3456.5,2125.6,5.0,58.0,28.0,1098.083,15.047
Cyprus,2010,3807.9,3458.3,2152.3,4.0,57.0,28.0,1112.612,15.0
Cyprus,2011,4046.4,3500.1,2411.7,5.0,55.0,27.0,1124.833,15.245
Cyprus,2012,3777.5,3246.8,2544.0,5.0,52.0,25.0,1135.046,11.22
Cyprus,2013,3890.1,3455.9,2681.9,5.0,49.0,22.0,1143.866,11.337
Cyprus,2014,3890.1,3427.1,2731.9,5.0,43.0,22.0,1152.285,16.07
Cyprus,2015,3203.9,2834.6,1883.1,5.0,44.0,24.0,1160.985,14.311
Cyprus,2016,3116.2,2811.9,1928.1,5.0,44.0,24.0,1170.187,13.228
Cyprus,2017,3176.7,2869.4,2185.9,5.0,43.0,25.0,1179.678,9.596
Cyprus,2018,3369.9,2973.0,2205.6,5.0,42.0,26.0,1189.265,8.682
Czechia,1993,1690.1,1046.3,1116.1,216.0,615.0,134.0,10358.69,374.345
Czechia,1994,2060.4,1127.9,1356.6,170.0,471.0,123.0,10360.969,337.601
Czechia,1995,2429.1,1116.5,1594.6,170.0,502.0,152.0,10358.193,325.64
Czechia,1996,2392.0,1161.2,1608.6,164.0,502.0,148.0,10350.309,305.352
Czechia,1997,2037.6,1127.4,1378.8,156.0,464.0,177.0,10338.339,284.028
Czechia,1998,2221.1,1141.2,1297.8,134.0,476.0,201.0,10323.247,268.445
Czechia,1999,2000.6,878.0,1084.4,121.0,452.0,205.0,10306.411,250.425
Czechia,2000,1898.7,750.6,1128.9,108.0,417.0,219.0,10289.373,243.808
Czechia,2001,1611.0,905.2,1412.8,109.0,415.0,242.0,10271.008,227.933
Czechia,2002,2054.6,911.5,1259.3,106.0,416.0,228.0,10252.261,231.48
Czechia,2003,2368.7,990.4,1304.9,104.0,411.0,222.0,10239.136,212.233
Czechia,2004,2680.3,1144.7,1573.1,97.0,426.0,232.0,10239.439,208.171
Czechia,2005,3116.7,1179.0,1731.3,81.0,380.0,241.0,10258.167,189.444
Czechia,2006,3413.2,1133.8,1803.9,80.0,359.0,231.0,10298.614,181.712
Czechia,2007,3056.6,1378.1,1807.5,79.0,360.0,217.0,10357.538,176.255
Czechia,2008,3576.2,1782.2,2242.0,80.0,336.0,210.0,10425.266,158.787
Czechia,2009,3204.5,1445.0,1972.5,77.0,300.0,201.0,10488.155,153.787
Czechia,2010,3143.8,1422.5,1793.1,74.0,291.0,195.0,10536.518,151.248
Czechia,2011,3553.6,1666.0,2011.7,72.0,275.0,176.0,10566.517,145.631
Czechia,2012,3541.6,1572.1,2131.4,66.0,250.0,157.0,10581.293,149.156
Czechia,2013,3753.2,1685.7,2189.6,65.0,243.0,153.0,10586.533,149.606
Czechia,2014,3513.6,1532.6,2065.6,73.0,246.0,154.0,10591.108,136.717
Czechia,2015,2983.5,1286.4,1522.2,77.0,237.0,155.0,10601.397,147.487
Denmark,1991,3185.2,872.4,1906.2,213.0,1272.0,139.0,5154.908,149.2
Denmark,1992,3292.5,902.1,2049.5,217.0,1370.0,155.0,5171.65,135.856
Denmark,1993,3084.4,992.3,1522.1,203.0,1504.0,167.0,5190.742,131.492
Denmark,1994,2977.4,962.3,1654.7,189.0,1521.0,172.0,5211.334,127.415
Denmark,1995,3005.5,1131.1,2052.0,182.0,1494.0,173.0,5232.704,114.095
Denmark,1996,2793.9,1175.1,2038.9,178.0,1494.0,170.0,5254.86,101.521
Denmark,1997,2596.1,993.9,1282.2,175.0,1521.0,176.0,5277.711,99.546
Denmark,1998,2363.9,905.3,1177.2,162.0,1629.0,190.0,5300.379,99.043
Denmark,1999,2403.5,858.9,1453.5,157.0,1642.0,202.0,5321.774,89.625
Denmark,2000,2074.3,741.3,1254.5,154.0,1625.0,202.0,5341.194,99.307
Denmark,2001,1661.9,807.9,1435.9,153.0,1716.0,216.0,5358.062,96.211
Denmark,2002,1763.1,793.7,1214.6,154.0,1759.0,218.0,5372.801,87.834
Denmark,2003,2090.3,933.1,1258.7,147.0,1762.0,200.0,5386.968,88.929
Denmark,2004,2398.7,1067.6,1544.5,150.0,1810.0,193.0,5402.761,89.52
Denmark,2005,2728.9,1035.2,1579.0,136.0,1793.0,188.0,5421.702,87.454
Denmark,2006,2965.5,946.2,1693.2,129.0,1749.0,171.0,5444.286,86.536
Denmark,2007,3146.4,1139.3,1695.7,130.0,1802.0,177.0,5469.921,83.009
Denmark,2008,3605.5,1544.1,1891.4,129.0,1707.0,181.0,5497.729,75.932
Denmark,2009,3142.0,1328.6,1771.6,128.0,1585.0,173.0,5526.388,74.983
Denmark,2010,3179.6,1246.4,1736.1,133.0,1668.0,190.0,5554.844,67.663
Denmark,2011,3807.7,1531.8,2001.0,134.0,1720.0,193.0,5582.978,63.636
Denmark,2012,3898.8,1467.8,2129.6,127.0,1669.0,192.0,5610.903,69.668
Denmark,2013,4053.8,1662.7,2207.9,128.0,1589.0,172.0,5638.145,68.233
Denmark,2014,3729.7,1663.7,2209.4,126.0,1594.0,160.0,5664.196,65.915
Denmark,2015,3264.6,1188.2,1517.7,120.0,1601.0,145.0,5688.695,67.292
Denmark,2016,3070.1,1192.9,1662.4,129.0,1579.0,154.0,5711.349,63.841
Denmark,2017,3305.8,1200.1,1894.8,124.0,1532.0,152.0,5732.274,58.297
Denmark,2018,3480.0,1341.8,1633.2,129.0,1583.0,156.0,5752.126,61.949
Dominican Republic,2007,1383.8,1047.6,1454.2,101.0,94.0,329.0,9338.861,444.69
Dominican Republic,2008,1264.6,1330.4,1760.4,99.0,91.0,299.0,9458.075,450.72
Dominican Republic,2009,1248.7,1294.2,1728.1,102.0,85.0,323.0,9576.737,457.091
Dominican Republic,2010,1208.5,764.1,1750.4,113.0,89.0,332.0,9695.121,450.202
Dominican Republic,2011,1276.7,1431.8,1766.0,102.0,104.0,272.0,9813.211,452.706
Dominican Republic,2012,3126.1,2255.0,4001.3,96.0,78.0,251.0,9930.916,436.259
Dominican Republic,2014,2298.0,1838.7,1978.5,79.0,73.0,307.0,10165.183,452.132
Dominican Republic,2015,2003.6,1407.4,1834.6,95.0,74.0,316.0,10281.68,399.676
Egypt,1991,2333.3,803.1,2071.4,335.0,3.0,283.0,57424.549,4332.2
Egypt,1992,2257.9,830.9,1986.9,343.0,3.0,296.0,58666.814,5535.0
Egypt,1993,2350.2,1193.1,2520.8,361.0,3.0,309.0,59880.658,5188.4
Egypt,1994,2384.0,1533.2,2866.1,382.0,3.0,337.0,61095.804,5360.5
Egypt,1995,2626.6,1757.0,3283.4,394.0,3.0,379.0,62334.034,5215.6
Egypt,1998,3461.6,1443.0,3446.6,518.0,3.0,499.0,66200.269,4822.7
Egypt,1999,3533.8,1324.2,3532.3,510.0,3.0,550.0,67515.591,4807.0
Egypt,2000,3584.4,1260.4,3525.3,544.0,3.0,579.0,68831.561,5097.2
Egypt,2001,3243.4,1126.4,3048.3,435.0,2.0,605.0,70152.661,5010.6
Egypt,2002,3052.4,1037.6,2910.4,456.0,1.0,614.0,71485.043,4913.8
Egypt,2003,2612.6,924.5,2429.5,516.0,2.0,632.0,72826.097,5411.3
Egypt,2004,3009.4,1089.9,2675.2,594.0,2.0,637.0,74172.073,5958.2
Egypt,2005,3718.6,1108.5,3303.1,612.0,2.0,642.0,75523.569,5974.0
Egypt,2006,3875.0,1320.4,3396.0,686.0,2.0,704.0,76873.663,6370.7
Egypt,2007,3953.8,1407.7,3478.7,731.0,3.0,798.0,78232.126,6889.0
Egypt,2008,4483.0,1965.0,3635.5,805.0,2.0,726.0,79636.079,7116.256
Egypt,2009,4797.1,1953.6,4253.9,859.0,1.0,769.0,81134.798,6875.612
El Salvador,2004,2374.2,2006.2,2408.8,26.0,8.0,92.0,6023.797,430.976
El Salvador,2005,2513.3,2138.5,2425.1,27.0,11.0,99.0,6052.123,456.535
El Salvador,2011,2623.1,2420.0,4440.7,23.0,8.0,109.0,6210.568,532.435
Estonia,1992,1145.4,1809.4,1633.5,45.0,50.0,10.0,1520.813,137.7
Estonia,1993,2603.8,1903.5,2451.5,43.0,35.0,5.0,1488.061,111.8
Estonia,1994,2081.9,2226.9,2427.9,31.0,30.0,6.0,1457.093,95.6
Estonia,1995,1570.2,1621.4,1770.5,26.0,35.0,6.0,1433.024,64.5
Estonia,1996,1567.0,1853.5,1793.7,22.0,32.0,4.0,1417.736,60.2
Estonia,1997,1362.8,1921.0,1926.4,19.0,30.0,4.0,1409.673,58.409
Estonia,1998,1048.2,1358.7,1204.2,19.0,32.0,8.0,1406.349,56.607
Estonia,1999,1051.8,1138.7,1181.4,22.0,31.0,8.0,1403.789,49.729
Estonia,2000,1025.5,717.4,1436.1,15.0,30.0,7.0,1399.112,37.283
Estonia,2001,1563.5,1190.5,1600.9,14.0,34.0,9.0,1391.73,36.938
Estonia,2002,1570.3,1063.3,1288.8,17.0,40.0,12.0,1382.732,38.816
Estonia,2003,915.7,1236.7,1577.7,13.0,40.0,14.0,1372.909,37.177
Estonia,2004,2217.2,1593.5,1710.0,15.0,41.0,15.0,1363.565,30.581
Estonia,2005,2303.5,1544.9,1853.8,13.0,40.0,14.0,1355.648,31.945
Estonia,2006,2304.6,1574.6,1899.8,15.0,42.0,12.0,1349.363,32.981
Estonia,2007,2508.9,2194.2,2045.1,15.0,43.0,12.0,1344.296,31.383
Estonia,2008,3266.4,2468.5,2474.2,14.0,39.0,13.0,1340.073,25.549
Estonia,2009,3116.5,1960.0,2199.8,14.0,46.0,15.0,1336.135,24.041
Estonia,2010,2730.3,1667.8,1972.1,13.0,46.0,16.0,1332.101,23.917
Estonia,2011,3897.4,1846.5,2361.1,12.0,50.0,18.0,1327.709,26.597
Estonia,2012,2690.0,1749.7,2281.6,11.0,38.0,17.0,1323.159,27.608
Estonia,2013,2897.0,2010.7,2394.5,9.0,38.0,18.0,1319.062,26.454
Estonia,2014,2641.0,1952.3,2264.0,10.0,41.0,19.0,1316.277,24.077
Estonia,2015,2190.6,1771.4,1653.9,13.0,50.0,20.0,1315.325,24.954
Estonia,2016,2164.0,1784.2,1668.7,15.0,43.0,20.0,1316.51,25.037
Estonia,2017,2444.5,1642.6,1836.3,12.0,38.0,20.0,1319.39,23.128
Estonia,2018,2651.0,1553.8,1806.9,13.0,42.0,19.0,1322.92,21.896
Fiji,2005,1655.8,2956.8,4139.6,8.0,4.0,12.0,821.604,88.804
Fiji,2011,2360.8,3346.0,3613.7,8.0,4.0,21.0,863.449,152.577
Fiji,2014,2243.1,3179.1,3433.5,3.0,4.0,22.0,866.453,139.166
Fiji,2016,2387.0,3819.2,3341.8,2.0,4.0,16.0,872.399,62.437
Finland,1995,3302.4,1465.7,1811.5,96.0,168.0,46.0,5119.005,156.257
Finland,1996,2884.4,1462.9,1732.8,97.0,172.0,53.0,5136.979,161.035
Finland,1997,2396.4,1309.9,1602.7,100.0,180.0,56.0,5151.746,164.31
Finland,1998,2488.8,1291.2,1403.4,94.0,185.0,61.0,5164.242,154.622
Finland,1999,2300.8,1197.0,1198.8,90.0,182.0,66.0,5175.926,148.399
Finland,2000,1898.2,1024.3,1190.1,91.0,173.0,70.0,5187.954,146.613
Finland,2001,1863.2,1047.5,1344.0,90.0,174.0,85.0,5200.477,139.843
Finland,2002,1788.1,1129.3,1289.3,91.0,184.0,95.0,5213.366,132.698
Finland,2003,2099.3,1320.5,1298.0,96.0,193.0,98.0,5227.093,126.151
Finland,2004,2359.1,1452.7,1489.9,93.0,198.0,101.0,5242.17,118.993
Finland,2005,2549.4,1417.7,1591.8,87.0,204.0,101.0,5258.927,115.577
Finland,2006,2659.6,1367.5,1580.7,87.0,208.0,100.0,5277.491,113.747
Finland,2007,3024.9,1560.4,1806.7,89.0,213.0,107.0,5297.739,112.773
Finland,2008,3530.1,1904.2,2109.3,82.0,217.0,111.0,5319.449,113.885
Finland,2009,3431.5,1722.7,1958.9,82.0,206.0,104.0,5342.262,113.262
Finland,2010,3178.8,1589.4,1814.6,83.0,203.0,96.0,5365.782,108.134
Finland,2011,3516.8,1821.0,2029.5,84.0,202.0,102.0,5390.038,104.193
Finland,2012,3610.4,1785.9,2094.3,81.0,193.0,107.0,5414.77,102.844
Finland,2013,4122.4,2007.4,2312.8,81.0,195.0,111.0,5438.982,101.091
Finland,2014,4021.5,1930.5,2101.6,83.0,186.0,113.0,5461.411,103.664
Finland,2015,3215.0,1503.8,1615.7,86.0,192.0,117.0,5481.122,102.558
Finland,2016,3147.1,1452.4,1544.2,87.0,190.0,125.0,5497.713,94.292
Finland,2017,3368.7,1460.7,1668.5,86.0,182.0,129.0,5511.371,92.887
Finland,2018,3683.3,1555.3,1799.7,87.0,169.0,135.0,5522.576,94.009
France,1991,3773.6,1501.3,1967.8,2026.0,1773.0,1717.0,56913.587,1329.7
France,1992,3984.1,1588.7,2118.0,1877.0,1903.0,1772.0,57147.213,1297.084
France,1993,3783.9,1409.0,1470.6,1704.0,2034.0,1820.0,57370.381,1189.031
France,1994,3928.3,1394.1,1539.4,1627.0,2116.0,1972.0,57587.131,1118.765
France,1995,4004.5,1500.6,1818.8,1683.0,2144.0,2071.0,57801.892,1070.688
France,1996,3745.7,1509.6,1944.6,1737.0,2161.0,2203.0,58012.058,1061.766
France,1997,3444.2,1374.7,1706.2,1720.0,2219.0,2251.0,58220.659,1017.841
France,1998,3608.5,1313.8,1240.8,1632.0,2328.0,2292.0,58444.246,981.049
France,1999,3384.1,1161.4,1117.3,1609.0,2353.0,2187.0,58704.381,954.78
France,2000,2933.8,1036.4,1187.5,1528.0,2312.0,2220.0,59015.096,957.545
France,2001,2551.2,1077.9,1369.2,1566.0,2315.0,2214.0,59384.132,963.504
France,2002,2715.9,1099.8,1128.0,1640.0,2346.0,2104.0,59803.441,986.608
France,2003,3399.8,1294.7,1282.6,1632.0,2339.0,2009.0,60251.588,1038.795
France,2004,3997.8,1505.5,1508.7,1565.0,2293.0,1975.0,60697.981,949.177
France,2005,4156.2,1488.5,1552.4,1517.0,2274.0,1706.0,61120.127,905.182
France,2006,4473.5,1469.5,1642.8,1473.0,2011.0,1563.0,61508.926,937.23
France,2007,4738.2,1836.8,1618.8,1532.0,2031.0,1628.0,61869.227,882.346
France,2008,5161.2,2215.0,1928.8,1503.0,2274.0,1808.0,62209.207,706.125
France,2009,4692.1,1932.7,1688.3,1516.0,2262.0,1759.0,62542.9,748.963
France,2010,4544.2,1847.2,1592.1,1530.0,2255.0,1716.0,62879.53,744.528
France,2011,4974.7,2193.0,1886.6,1566.0,2217.0,1781.0,63222.227,746.332
France,2012,5136.5,2068.2,1919.4,1497.0,2162.0,1766.0,63564.221,749.85
France,2013,5605.0,2265.8,2018.2,1400.0,2131.0,1702.0,63893.525,786.43
France,2014,5322.0,2107.7,1846.0,1411.0,2120.0,1807.0,64193.55,742.849
France,2015,4357.8,1705.3,1430.7,1448.0,2148.0,1804.0,64453.2,708.615
France,2016,4159.8,1684.5,1467.6,1466.0,2170.0,1783.0,64667.596,751.173
France,2017,4445.9,1705.7,1596.4,1433.0,2148.0,1750.0,64842.509,690.562
France,2018,4551.6,1777.9,1469.7,1436.0,2166.0,1785.0,64990.511,666.383
Georgia,2017,4506.6,1739.1,2969.4,21.0,16.0,22.0,4008.716,735.921
Georgia,2018,4977.3,1763.9,3915.7,23.0,18.0,22.0,4002.942,659.037
Germany,1991,2747.2,1373.6,1740.0,2181.0,3813.0,524.0,79490.835,1554.0
Germany,1992,3256.8,1441.7,1942.3,1790.0,3585.0,593.0,79963.159,1368.487
Germany,1993,3213.0,1287.0,1328.7,1570.0,3646.0,604.0,80428.556,1271.741
Germany,1994,3248.7,1279.8,1415.2,1420.0,3604.0,634.0,80832.937,1170.992
Germany,2015,3656.4,1510.5,1536.0,1132.0,5570.0,1544.0,81787.411,560.507
Germany,2016,3432.5,1448.0,1648.2,1155.0,5590.0,1527.0,82193.768,539.863
Germany,2017,3633.4,1459.6,1843.7,1137.0,5506.0,1514.0,82658.409,531.963
Germany,2018,4035.2,1378.8,1686.3,1123.0,5370.0,1571.0,83124.418,523.717
Greece,1991,3648.7,2320.1,2949.4,79.0,140.0,161.0,10315.107,804.4
Greece,1992,4252.2,2386.6,3353.2,76.0,145.0,147.0,10420.236,804.321
Greece,1993,3965.3,2106.0,2605.0,73.0,136.0,147.0,10533.815,790.771
Greece,1994,4087.6,2013.8,2576.3,71.0,137.0,149.0,10644.949,787.903
Greece,1995,4669.5,2455.2,2453.9,72.0,137.0,163.0,10745.503,780.421
Greece,1996,4386.8,2247.8,2630.8,71.0,136.0,154.0,10832.141,784.356
Greece,1997,4129.6,2091.0,2414.9,72.0,133.0,113.0,10906.257,764.572
Greece,1998,3896.7,1876.3,2088.4,73.0,134.0,108.0,10970.121,719.791
Greece,1999,3883.5,1804.7,1961.4,67.0,138.0,102.0,11027.9,704.231
Greece,2000,3254.7,1660.0,1958.4,63.0,141.0,112.0,11082.104,712.855
Greece,2001,3239.4,1727.1,2156.6,60.0,137.0,116.0,11134.457,670.218
Greece,2002,3312.6,1477.5,1778.7,62.0,110.0,128.0,11182.305,652.006
Greece,2003,3950.3,2088.0,2257.3,62.0,111.0,162.0,11218.884,656.394
Greece,2004,4420.2,2073.5,2396.3,77.0,108.0,149.0,11234.992,545.576
Greece,2005,4390.0,2064.4,2561.9,73.0,109.0,161.0,11224.791,540.287
Greece,2006,4616.7,1919.5,2722.4,73.0,108.0,120.0,11185.228,530.825
Greece,2007,4913.8,2285.8,3024.9,76.0,102.0,119.0,11120.358,517.095
Greece,2008,5199.9,2534.1,3412.9,76.0,105.0,124.0,11040.309,513.804
Greece,2009,5001.4,2597.9,3028.6,77.0,104.0,126.0,10959.272,532.867
Greece,2010,4860.9,2516.6,3046.4,78.0,100.0,129.0,10887.637,544.171
Greece,2011,5713.1,2877.4,4545.5,70.0,96.0,112.0,10829.079,500.676
Greece,2012,4625.5,3096.5,3533.3,70.0,94.0,118.0,10781.125,480.499
Greece,2013,5164.6,2363.3,3398.8,69.0,91.0,131.0,10740.5,481.051
Greece,2014,4722.0,2929.5,3210.8,49.0,83.0,190.0,10701.456,479.886
Greece,2015,4314.1,1940.8,2317.8,41.0,78.0,254.0,10659.75,465.703
Greece,2016,4314.2,1670.4,2389.4,40.0,77.0,257.0,10615.185,454.52
Greece,2017,4394.5,2056.0,2688.7,43.0,77.0,246.0,10569.45,453.359
Greece,2018,5066.1,1865.8,3070.4,43.0,80.0,246.0,10522.246,469.611
Hungary,1992,1679.0,1022.0,1289.0,123.0,764.0,340.0,10358.619,459.9
Hungary,1993,1694.7,1116.2,1265.5,97.0,672.0,319.0,10359.066,349.4
Hungary,1994,2010.9,1260.8,1449.3,72.0,608.0,341.0,10357.591,327.675
Hungary,1995,2287.3,1196.4,1739.8,58.0,578.0,387.0,10349.302,295.125
Hungary,2004,2052.5,1256.7,1579.5,46.0,540.0,469.0,10114.48,204.855
Hungary,2005,2492.3,1187.5,1682.9,32.0,454.0,433.0,10085.937,189.86
Hungary,2006,2693.2,1126.2,1698.2,34.0,489.0,385.0,10055.653,187.136
Hungary,2007,2849.7,1497.8,1730.8,35.0,499.0,377.0,10024.149,178.96
Hungary,2008,3198.9,1899.6,2169.6,32.0,461.0,388.0,9991.867,166.039
Hungary,2009,2937.2,1498.2,1904.3,30.0,453.0,387.0,9959.439,172.735
Hungary,2010,3096.4,1447.2,1742.1,28.0,452.0,376.0,9927.37,169.472
Hungary,2011,4662.0,1748.7,2002.9,26.0,435.0,402.0,9895.68,183.66
Hungary,2012,4263.7,1696.5,2103.4,25.0,394.0,428.0,9864.358,193.798
Hungary,2013,3406.7,1838.0,2182.2,23.0,368.0,405.0,9833.923,185.97
Hungary,2014,3155.8,1933.0,2025.1,25.0,412.0,442.0,9804.991,190.993
Hungary,2015,2614.7,1537.7,1510.8,29.0,455.0,490.0,9777.923,205.989
Iceland,1998,2269.4,3164.4,2702.3,3.0,4.0,3.0,275.296,12.502
Iceland,1999,3780.2,3938.5,3185.3,4.0,5.0,3.0,277.87,13.428
Iceland,2000,3336.3,3612.5,2638.1,4.0,5.0,3.0,280.435,13.634
Iceland,2001,2543.0,3284.6,2288.9,4.0,5.0,4.0,282.907,12.164
Iceland,2002,2566.8,2727.4,1985.6,4.0,6.0,5.0,285.329,11.507
Iceland,2003,3058.7,2607.3,1825.1,4.0,6.0,6.0,287.952,10.985
Iceland,2004,3670.2,3263.3,2963.3,4.0,6.0,5.0,291.104,9.877
Iceland,2005,4906.5,4484.8,3916.4,4.0,5.0,6.0,294.979,10.403
Iceland,2006,5101.2,3676.3,4054.9,3.0,6.0,7.0,299.72,10.582
Iceland,2007,5620.2,4215.1,4605.4,4.0,6.0,8.0,305.183,10.361
Iceland,2008,4590.3,3354.3,3365.6,4.0,7.0,7.0,310.856,8.141
Iceland,2009,3270.7,2539.7,2280.8,4.0,6.0,7.0,316.062,8.003
Iceland,2010,4435.2,2666.8,2323.3,4.0,6.0,7.0,320.328,9.238
Iceland,2011,4210.5,3156.4,3121.9,4.0,6.0,7.0,323.474,9.089
Iceland,2014,4618.6,3973.7,3728.8,3.0,6.0,8.0,328.594,8.039
Iceland,2015,4022.2,4001.3,3300.5,4.0,7.0,8.0,330.243,7.762
Iceland,2016,5648.8,3949.7,3604.0,4.0,6.0,9.0,332.206,7.404
Iceland,2017,6459.9,4442.8,4213.7,5.0,6.0,10.0,334.393,7.267
Iceland,2018,5964.9,3342.6,2867.3,5.0,7.0,9.0,336.713,7.973
Indonesia,2003,3421.1,1566.1,1687.9,410.0,495.0,1139.0,220309.469,43042.104
Indonesia,2004,3477.1,1591.8,1715.5,488.0,484.0,1213.0,223285.676,40608.019
Indonesia,2005,4113.4,2160.7,1303.6,397.0,550.0,1147.0,226289.47,41309.776
Indonesia,2006,4913.1,2455.6,1685.4,440.0,589.0,1285.0,229318.262,40136.242
Indonesia,2007,5449.1,2606.6,1760.4,381.0,597.0,1340.0,232374.245,41206.474
Indonesia,2008,4767.8,3131.5,2080.5,432.0,637.0,1380.0,235469.762,42010.671
Indonesia,2009,5388.1,3666.2,2153.7,444.0,649.0,1430.0,238620.563,42320.667
Indonesia,2010,6601.2,4485.0,2622.1,472.0,695.0,1566.0,241834.215,42160.374
Indonesia,2011,7837.8,4028.6,5028.3,521.0,721.0,1693.0,245115.987,40809.426
Indonesia,2012,7878.7,3843.1,4976.3,546.0,729.0,1768.0,248451.722,40794.598
Indonesia,2013,7211.8,3774.8,3021.5,586.0,743.0,1872.0,251805.307,39992.491
Indonesia,2014,6973.0,3556.5,2868.6,533.0,302.0,1972.0,255128.076,39904.349
Indonesia,2015,6922.6,3319.6,2699.2,542.0,330.0,2066.0,258383.256,38936.567
Ireland,1991,3718.0,1368.1,2285.5,554.0,179.0,99.0,3517.71,157.9
Ireland,1995,4030.5,1202.4,2020.0,477.0,212.0,100.0,3592.186,151.062
Israel,1998,3783.8,1486.3,2568.9,44.0,12.0,269.0,5699.273,47.64
Israel,1999,3772.0,914.8,3178.5,46.0,9.0,280.0,5824.941,49.82
Israel,2000,3684.5,1493.2,3130.3,64.0,15.0,412.0,5945.95,47.95
Israel,2001,3414.5,1453.8,3754.2,62.0,16.0,449.0,6060.676,45.11
Israel,2002,3021.9,1177.9,3332.6,80.0,16.0,455.0,6169.313,45.18
Israel,2003,3292.9,1247.1,3178.2,91.0,17.0,452.0,6278.374,43.43
Israel,2004,3873.4,1315.2,3229.3,83.0,18.0,469.0,6396.514,49.0
Israel,2005,4264.9,1314.7,3225.2,90.0,19.0,488.0,6529.479,50.09
Israel,2006,4829.4,1321.8,3543.6,108.0,18.0,514.0,6680.637,45.53
Israel,2007,4417.0,1517.4,4333.2,105.0,18.0,530.0,6847.141,43.42
Israel,2008,6572.2,1993.6,3667.2,117.0,18.0,542.0,7020.836,47.86
Israel,2009,5692.6,1962.1,3011.5,104.0,20.0,533.0,7190.034,46.32
Israel,2010,6742.3,2041.3,3871.0,108.0,19.0,546.0,7346.446,46.407
Israel,2011,7521.6,2035.8,4228.9,117.0,19.0,554.0,7487.1,41.872
Israel,2012,6627.9,1938.0,3856.0,117.0,19.0,580.0,7614.952,36.028
Israel,2013,6895.5,2116.7,5605.6,132.0,16.0,532.0,7734.841,41.939
Israel,2014,6214.9,2266.4,5925.8,122.0,16.0,564.0,7854.213,38.657
Israel,2015,7364.9,2093.8,5647.0,132.0,16.0,602.0,7978.49,36.328
Italy,2006,5155.3,1657.8,3007.3,1110.0,1559.0,915.0,58542.619,972.403
Italy,2007,5409.0,2199.8,2888.6,1123.0,1603.0,1025.0,58747.861,908.254
Japan,2003,17690.4,2098.5,3254.0,496.0,1274.0,1240.0,128058.372,2930.0
Japan,2004,20771.0,2181.3,3938.2,514.0,1263.0,1242.0,128204.195,2860.0
Japan,2005,21478.1,2009.0,3988.1,499.0,1245.0,1273.0,128326.116,2820.0
Japan,2006,20527.0,1878.2,3726.0,497.0,1247.0,1367.0,128422.734,2720.0
Japan,2007,20258.0,1954.4,3864.6,504.0,1251.0,1366.0,128494.057,2720.0
Japan,2008,20845.2,2391.1,4757.6,520.0,1249.0,1369.0,128538.646,2700.0
Japan,2009,21354.9,2583.2,4281.1,517.0,1310.0,1414.0,128555.189,2640.0
Japan,2010,23923.5,3290.7,5080.2,515.0,1292.0,1417.0,128542.353,2550.0
Japan,2011,24673.2,3653.5,5633.2,500.0,1267.0,1378.0,128498.965,2490.0
Japan,2012,26250.6,3509.2,5298.3,519.0,1297.0,1457.0,128423.571,2400.0
Japan,2013,23603.9,3024.1,4750.4,508.0,1309.0,1459.0,128314.195,2330.0
Japan,2014,23717.3,2992.1,5237.9,502.0,1264.0,2128.0,128168.639,2300.0
Japan,2015,24093.4,2690.9,4551.0,481.0,1254.0,2132.0,127985.133,2280.0
Kazakhstan,2004,1692.6,1408.8,1656.1,330.0,199.0,41.0,15250.015,2406.0
Kazakhstan,2005,1998.0,1523.4,2088.2,348.0,197.0,46.0,15402.807,2353.0
Kazakhstan,2006,2373.4,1659.5,2514.5,367.0,193.0,65.0,15551.268,2334.7
Kazakhstan,2007,2660.6,1846.4,2896.4,386.0,194.0,64.0,15702.104,2382.8
Kazakhstan,2008,3333.9,2221.7,3364.3,400.0,206.0,65.0,15862.123,2369.8
Kazakhstan,2009,3246.9,1933.7,2840.4,396.0,209.0,79.0,16043.007,2293.3
Kazakhstan,2010,3537.8,1992.5,3206.2,407.0,206.0,103.0,16252.279,2294.9
Kazakhstan,2011,4213.5,2109.0,3401.0,393.0,214.0,102.0,16490.67,2196.1
Kazakhstan,2012,4850.8,2148.7,4084.9,374.0,103.0,123.0,16751.525,2172.7
Kazakhstan,2013,5173.2,2073.2,3593.6,383.0,100.0,136.0,17026.117,2073.6
Kazakhstan,2014,4201.0,2204.4,3667.3,405.0,100.0,126.0,17302.615,1910.741
Kazakhstan,2015,3699.9,1829.7,2888.7,417.0,95.0,137.0,17572.016,1553.384
Kyrgyzstan,2003,1659.7,1246.1,1581.5,94.0,22.0,6.0,5013.53,834.7
Kyrgyzstan,2004,1862.3,1195.5,1515.1,95.0,25.0,5.0,5039.005,774.6
Kyrgyzstan,2005,2060.3,1401.7,2349.2,91.0,19.0,5.0,5075.347,799.6
Kyrgyzstan,2006,2307.0,1663.5,2143.8,91.0,20.0,5.0,5124.382,760.2
Kyrgyzstan,2007,2918.8,1986.5,2408.6,91.0,20.0,5.0,5184.392,742.4
Kyrgyzstan,2008,3595.3,2274.5,3100.4,93.0,19.0,6.0,5254.979,743.0
Kyrgyzstan,2012,5490.0,2581.0,3915.8,97.0,16.0,6.0,5621.576,688.022
Kyrgyzstan,2013,5149.9,3228.5,3613.4,99.0,16.0,6.0,5731.303,716.659
Kyrgyzstan,2014,4991.5,2824.0,3761.5,102.0,16.0,6.0,5844.532,727.331
Kyrgyzstan,2015,4279.8,2377.9,3002.9,99.0,15.0,8.0,5959.121,689.342
Kyrgyzstan,2016,3878.4,2522.5,2830.5,103.0,16.0,8.0,6074.33,633.301
Kyrgyzstan,2017,3788.0,2641.8,2515.7,104.0,16.0,8.0,6189.733,541.369
Latvia,1998,1064.7,1615.6,1488.5,26.0,36.0,8.0,2430.549,187.635
Latvia,1999,1051.0,1657.7,1209.9,23.0,35.0,6.0,2408.092,169.983
Latvia,2000,1000.8,1593.8,1426.2,22.0,32.0,7.0,2384.164,140.546
Latvia,2001,1364.9,1605.9,1565.6,19.0,32.0,9.0,2358.693,144.4
Latvia,2002,1070.7,1631.1,1209.4,16.0,36.0,11.0,2332.53,154.333
Latvia,2003,836.1,1200.7,1338.0,21.0,37.0,12.0,2305.848,135.864
Latvia,2004,1031.2,1275.1,1575.6,22.0,37.0,14.0,2278.921,127.767
Latvia,2005,1371.7,1719.2,1602.4,20.0,38.0,17.0,2251.993,117.179
Latvia,2006,1436.1,1814.1,1660.4,21.0,38.0,21.0,2225.066,118.067
Latvia,2007,1522.9,2481.4,1782.5,23.0,40.0,21.0,2198.089,107.509
Latvia,2008,1994.0,2738.6,2331.0,21.0,41.0,23.0,2171.259,83.913
Latvia,2009,1792.8,2365.5,1978.1,20.0,39.0,23.0,2144.785,79.477
Latvia,2010,1744.5,2013.4,1758.7,18.0,37.0,23.0,2118.861,73.258
Latvia,2011,2188.2,2227.8,2017.0,18.0,38.0,23.0,2093.61,76.615
Latvia,2012,2307.6,2075.0,1991.4,17.0,36.0,25.0,2069.016,73.284
Latvia,2013,2005.8,2348.0,2100.8,17.0,36.0,27.0,2044.957,71.938
Latvia,2014,2154.7,2483.7,1969.0,18.0,37.0,29.0,2021.219,66.35
Latvia,2015,1822.1,1863.1,1455.0,19.0,36.0,30.0,1997.674,71.11
Latvia,2016,1768.8,1879.4,1555.3,19.0,36.0,30.0,1974.266,68.666
Latvia,2017,2013.1,1876.4,1699.1,18.0,38.0,33.0,1951.097,61.419
Latvia,2018,2291.0,2067.8,1603.7,17.0,39.0,34.0,1928.459,63.277
Lithuania,2003,972.7,1453.0,1451.2,52.0,105.0,39.0,3414.365,275.579
Lithuania,2004,1391.9,1498.7,1767.5,58.0,113.0,53.0,3381.131,232.602
Lithuania,2005,1836.6,1687.7,1731.8,62.0,119.0,60.0,3344.268,204.712
Lithuania,2006,1953.1,1277.1,1751.2,47.0,106.0,66.0,3303.335,197.659
Lithuania,2007,1989.6,1606.5,1880.1,56.0,99.0,68.0,3258.98,164.393
Lithuania,2008,2639.9,1884.6,2433.2,48.0,76.0,71.0,3212.865,115.091
Lithuania,2009,2231.2,1472.6,2120.5,45.0,60.0,71.0,3167.265,118.356
Lithuania,2010,2280.6,1411.3,1812.2,44.0,73.0,78.0,3123.816,110.174
Lithuania,2011,2873.6,1696.4,2108.7,42.0,75.0,80.0,3083.403,106.382
Lithuania,2012,2859.7,1599.8,2197.9,41.0,79.0,85.0,3045.561,112.222
Lithuania,2013,2749.6,1737.5,2259.2,38.0,87.0,93.0,3008.934,108.888
Lithuania,2014,2420.6,1595.9,2003.8,40.0,85.0,100.0,2971.497,120.902
Lithuania,2015,1968.2,1331.8,1478.5,45.0,84.0,111.0,2931.88,121.065
Luxembourg,2000,2698.4,4376.2,1882.3,8.0,13.0,1.0,436.103,4.413
Luxembourg,2001,2112.9,4250.5,2058.2,11.0,11.0,1.0,440.198,2.825
Luxembourg,2002,2286.8,3372.2,1715.4,11.0,11.0,1.0,443.726,3.701
Luxembourg,2003,2934.5,4114.9,1871.6,11.0,12.0,1.0,447.322,5.079
Luxembourg,2004,3377.2,4526.7,2278.9,11.0,11.0,1.0,451.819,3.684
Luxembourg,2005,3656.3,7194.0,2329.8,10.0,11.0,1.0,457.842,3.355
Luxembourg,2006,3926.7,7563.9,2461.5,9.0,10.0,1.0,465.61,3.568
Luxembourg,2007,4256.8,8961.4,2425.6,9.0,10.0,1.0,474.915,3.741
Luxembourg,2008,4760.5,9795.7,2372.9,10.0,10.0,1.0,485.405,3.366
Luxembourg,2009,4515.1,5723.8,2028.3,9.0,10.0,1.0,496.527,2.873
Luxembourg,2010,4278.1,5457.0,1933.8,9.0,10.0,1.0,507.889,2.311
Luxembourg,2011,4809.6,6130.1,2210.2,9.0,10.0,1.0,519.307,2.685
Luxembourg,2012,4818.2,6424.3,2287.0,9.0,11.0,2.0,530.857,3.06
Luxembourg,2013,5217.7,7169.4,2336.7,8.0,11.0,2.0,542.56,3.681
Luxembourg,2014,4948.9,7204.5,2096.3,9.0,12.0,0.0,554.516,3.428
Luxembourg,2015,4136.6,5378.7,1585.9,9.0,13.0,0.0,566.741,2.455
Luxembourg,2016,4115.0,5055.3,1703.5,10.0,14.0,0.0,579.264,2.378
Luxembourg,2017,4247.6,5366.0,1897.9,10.0,13.0,0.0,591.91,3.145
Luxembourg,2018,4416.6,5500.1,1735.9,10.0,13.0,0.0,604.245,2.68
Malawi,2013,3070.1,5478.2,2543.8,38.0,89.0,23.0,15839.286,3776.378
Malaysia,1993,3263.3,1874.4,1756.0,19.0,263.0,644.0,19484.898,1558.6
Malaysia,1995,3258.3,2131.4,1693.0,21.0,283.0,707.0,20487.607,1526.8
Malaysia,1996,4797.5,1351.4,2438.5,22.0,278.0,713.0,21017.613,1626.2
Malaysia,1997,4711.4,1235.2,3124.6,23.0,282.0,720.0,21562.793,1481.2
Malaysia,1998,3334.3,1028.9,1555.7,22.0,260.0,730.0,22114.654,1616.5
Malaysia,1999,3168.7,1052.6,1105.3,21.0,159.0,738.0,22661.298,1623.7
Malaysia,2000,3554.7,1019.7,1843.4,18.0,160.0,714.0,23194.257,1711.8
Malaysia,2003,3534.2,1181.6,1288.3,24.0,198.0,847.0,24698.819,1408.2
Malaysia,2004,3676.3,1186.8,1971.7,26.0,203.0,927.0,25190.652,1452.6
Malaysia,2005,3771.8,1359.9,2214.9,26.0,200.0,964.0,25690.611,1470.4
Malaysia,2006,4034.7,1684.8,2491.4,30.0,217.0,1027.0,26201.961,1503.5
Malaysia,2007,4479.9,1867.6,2062.4,28.0,200.0,1075.0,26720.37,1559.75
Malaysia,2008,4961.3,1978.5,2868.0,29.0,195.0,1130.0,27236.006,1495.7
Malaysia,2009,4766.6,1957.7,2917.7,30.0,206.0,1166.0,27735.04,1479.55
Malaysia,2010,5336.7,2204.2,3623.0,32.0,234.0,1260.0,28208.035,1492.0
Malaysia,2011,7189.5,2222.2,3707.0,30.0,231.0,1309.0,28650.959,1446.475
Malaysia,2012,7122.5,2347.2,3082.9,30.0,218.0,1374.0,29068.189,1650.5
Malaysia,2013,6696.5,2412.0,2842.1,31.0,217.0,1458.0,29468.923,1680.05
Malaysia,2015,6145.2,2022.8,3236.9,50.0,223.0,1633.0,30270.962,1753.9
Malaysia,2016,5966.3,2049.0,3108.6,48.0,195.0,1755.0,30684.654,1609.9
Malaysia,2017,6511.0,2011.4,2734.9,46.0,218.0,1665.0,31104.646,1635.0
Mali,2004,2271.5,2839.4,4791.0,77.0,2.0,35.0,12369.07,984.67
Mali,2006,2455.6,3824.9,4840.4,106.0,2.0,34.0,13203.378,2976.115
Malta,2000,2980.8,1095.5,1871.5,2.0,9.0,6.0,393.645,2.922
Malta,2001,2564.2,1066.6,1822.1,2.0,10.0,6.0,396.328,3.458
Malta,2002,2608.2,1083.9,1891.0,2.0,10.0,7.0,398.718,3.49
Malta,2003,2796.7,1166.4,1781.4,1.0,10.0,8.0,400.859,3.66
Malta,2004,3220.7,1276.7,1949.8,1.0,8.0,6.0,402.817,3.294
Malta,2005,3435.1,1243.6,1943.6,1.0,9.0,5.0,404.653,3.13
Malta,2006,3840.6,1261.3,1971.2,1.0,8.0,4.0,406.328,3.073
Malta,2007,4088.6,1379.7,2156.1,1.0,8.0,5.0,407.852,2.828
Malta,2008,3932.0,1582.0,2392.1,1.0,9.0,5.0,409.491,2.834
Malta,2009,3518.1,1645.2,2472.9,2.0,7.0,5.0,411.552,2.33
Malta,2010,3317.9,1573.5,2357.6,1.0,8.0,5.0,414.253,2.174
Malta,2011,4153.2,1761.0,2509.3,1.0,7.0,4.0,417.714,1.942
Malta,2012,4112.0,1638.7,2605.2,1.0,6.0,4.0,421.809,1.807
Malta,2013,4113.5,1742.7,3146.6,1.0,6.0,4.0,426.151,2.293
Malta,2014,3748.6,1656.5,3144.5,1.0,6.0,4.0,430.197,2.465
Malta,2015,3153.7,1335.6,2531.3,1.0,5.0,4.0,433.559,2.91
Malta,2016,3000.9,1326.9,2432.9,1.0,5.0,4.0,436.097,2.431
Malta,2017,3103.2,1341.7,2464.3,1.0,5.0,4.0,437.933,2.201
Malta,2018,3457.0,1414.8,2576.9,1.0,4.0,4.0,439.248,2.376
Mauritius,1995,6030.8,1494.4,2295.3,3.0,1.0,19.0,1128.673,63.2
Mauritius,2001,3418.7,1069.7,1579.0,2.0,1.0,27.0,1193.917,53.23
Mauritius,2002,3323.6,1042.1,1537.7,3.0,1.0,29.0,1201.812,50.708
Mauritius,2003,3569.1,1147.0,1534.0,3.0,1.0,30.0,1208.994,64.658
Mauritius,2004,4255.1,1268.6,1131.6,3.0,1.0,33.0,1215.677,48.846
Mauritius,2005,4617.5,1162.5,1046.5,3.0,1.0,33.0,1222.003,49.105
Mauritius,2006,4664.8,1295.6,1079.6,3.0,1.0,36.0,1228.089,46.959
Mauritius,2008,5413.9,2026.2,1809.8,2.0,1.0,42.0,1239.262,44.76
Mauritius,2009,5152.4,1913.9,1841.7,2.0,1.0,44.0,1243.991,45.035
Mauritius,2010,5445.4,2124.0,1514.3,2.0,1.0,47.0,1247.955,43.721
Mauritius,2011,6178.3,2257.3,1794.4,3.0,1.0,47.0,1251.08,38.772
Mauritius,2012,6415.5,2136.9,1902.7,2.0,1.0,47.0,1253.488,38.879
Mauritius,2013,6448.9,2177.4,2292.6,2.0,1.0,47.0,1255.452,37.302
Mauritius,2014,6675.0,2179.0,2151.6,2.0,1.0,48.0,1257.355,38.931
Mauritius,2015,5982.0,1918.3,1747.6,2.0,1.0,46.0,1259.456,40.537
Mauritius,2016,6388.6,1916.5,1236.3,2.0,1.0,46.0,1261.865,38.752
Mauritius,2017,7315.5,1911.8,1484.0,2.0,1.0,48.0,1264.499,37.83
Mauritius,2018,7536.6,2024.7,2052.9,2.0,1.0,49.0,1267.185,33.691
Mexico,1998,2078.6,1449.2,1739.3,1380.0,961.0,1639.0,96056.321,6995.419
Mexico,2000,2308.7,1558.9,2135.2,1409.0,1030.0,1868.0,98899.845,6516.445
Mexico,2001,2417.0,1613.1,2358.1,1445.0,1058.0,1973.0,100298.153,6555.668
Mexico,2002,2299.1,1575.2,2103.4,1468.0,1070.0,2122.0,101684.758,6803.694
Mexico,2003,2193.9,1408.8,1979.8,1504.0,1035.0,2161.0,103081.02,6586.002
Mexico,2004,2347.2,1522.2,2191.2,1544.0,1064.0,2324.0,104514.932,6393.499
Mexico,2005,2765.7,1646.2,2450.0,1558.0,1103.0,2481.0,106005.203,6219.011
Mexico,2006,2797.5,1558.8,2396.5,1613.0,1109.0,2505.0,107560.153,6126.668
Mexico,2007,2827.5,1779.8,2349.9,1635.0,1152.0,2585.0,109170.502,6044.91
Mexico,2008,2856.4,1944.7,2489.0,1667.0,1161.0,2625.0,110815.271,6113.603
Mexico,2009,2386.9,1692.3,2138.0,1705.0,1162.0,2678.0,112463.887,6217.293
Mexico,2010,2628.7,1920.0,2414.8,1745.0,1175.0,2723.0,114092.963,6365.815
Mexico,2011,2754.3,2067.8,2527.2,1804.0,1202.0,2807.0,115695.473,6394.483
Mexico,2012,2785.4,2069.8,2482.2,1821.0,1239.0,2833.0,117274.155,6622.947
Mexico,2013,3209.0,2348.3,2767.5,1807.0,1284.0,2846.0,118827.161,6665.526
Mexico,2014,3745.3,2330.9,2857.8,1827.0,1291.0,2920.0,120355.128,6750.548
Mexico,2015,3950.0,1847.1,2580.2,1845.0,1323.0,3002.0,121858.258,6743.945
Mexico,2016,3389.5,1598.7,2215.0,1879.0,1376.0,3116.0,123333.376,6710.257
Mexico,2017,3492.7,1634.0,2279.0,1927.0,1442.0,3249.0,124777.324,6811.269
Mexico,2018,3527.1,1668.0,2320.6,1981.0,1503.0,3377.0,126190.788,6826.48
Netherlands,2003,5543.0,914.6,1501.1,365.0,1253.0,596.0,16200.951,238.538
Netherlands,2004,6382.8,1036.3,1532.2,386.0,1298.0,684.0,16287.182,255.518
Netherlands,2005,5752.9,1112.9,1607.6,396.0,1297.0,704.0,16367.158,275.782
Netherlands,2006,6724.6,1015.0,1718.0,384.0,1265.0,696.0,16440.097,277.254
Netherlands,2007,7739.7,1379.4,1708.9,386.0,1290.0,753.0,16506.655,262.247
Netherlands,2008,6409.7,1555.7,2131.2,378.0,1318.0,762.0,16568.104,249.91
Netherlands,2009,6079.4,1391.7,1832.8,402.0,1275.0,840.0,16626.373,241.316
Netherlands,2010,6070.6,1336.9,1711.4,389.0,1294.0,855.0,16682.917,229.448
Netherlands,2011,3150.5,1567.2,2015.6,382.0,1347.0,916.0,16738.193,205.965
Netherlands,2012,3357.6,1490.8,2075.6,374.0,1332.0,966.0,16791.84,205.142
Netherlands,2013,3480.3,1568.1,2152.9,379.0,1307.0,998.0,16843.502,159.116
Netherlands,2014,3054.8,1508.2,2242.3,376.0,1371.0,1038.0,16892.523,174.04
Netherlands,2015,2698.5,1240.5,1684.6,383.0,1456.0,1067.0,16938.499,177.983
New Zealand,1997,1139.9,1231.6,1934.0,646.0,49.0,91.0,3752.362,151.0
New Zealand,1998,1066.3,1024.9,1482.4,634.0,50.0,97.0,3783.974,148.0
New Zealand,1999,1214.0,1004.8,1354.6,561.0,49.0,99.0,3818.131,166.0
New Zealand,2000,1353.9,853.5,1372.4,572.0,47.0,107.0,3858.999,156.0
New Zealand,2002,1676.1,901.5,1742.7,576.0,47.0,137.0,3963.206,168.0
New Zealand,2004,1804.2,1400.8,2022.5,709.0,52.0,149.0,4080.438,148.15
New Zealand,2005,2065.8,1472.0,2289.2,652.0,50.0,159.0,4135.355,143.975
New Zealand,2006,1907.8,1373.9,2063.4,643.0,51.0,151.0,4185.888,148.575
New Zealand,2007,2156.2,1571.7,2463.0,632.0,51.0,149.0,4233.046,150.0
New Zealand,2008,2211.3,1591.3,2262.9,635.0,51.0,147.0,4278.155,144.35
New Zealand,2009,2007.6,1487.5,2558.5,637.0,47.0,137.0,4323.337,143.0
New Zealand,2010,2253.9,1760.1,2663.1,635.0,47.0,145.0,4370.062,149.2
New Zealand,2011,3052.6,1939.2,2930.7,623.0,50.0,160.0,4418.678,153.0
New Zealand,2012,3120.8,2015.7,2878.4,603.0,50.0,172.0,4468.457,150.6
New Zealand,2013,3073.6,2110.3,3235.9,627.0,47.0,170.0,4518.515,144.8
New Zealand,2014,2979.9,2126.0,3225.1,628.0,48.0,190.0,4567.527,142.8
New Zealand,2015,3246.9,1787.1,2926.0,678.0,46.0,193.0,4614.532,143.3
Nicaragua,2003,1889.1,1551.2,1633.1,66.0,6.0,62.0,5292.118,585.339
Nicaragua,2004,1866.7,1655.1,1756.9,75.0,7.0,67.0,5364.935,597.954
Nicaragua,2005,2043.8,1617.1,1992.0,76.0,7.0,71.0,5438.69,601.232
North Macedonia,2003,2587.5,540.2,1674.1,9.0,10.0,4.0,2053.426,120.132
North Macedonia,2006,2362.5,713.9,2224.8,7.0,9.0,4.0,2063.131,114.772
North Macedonia,2007,2163.6,1078.8,2435.3,7.0,9.0,4.0,2065.426,107.713
North Macedonia,2008,3119.8,889.8,2801.0,7.0,9.0,3.0,2067.313,117.11
North Macedonia,2009,3663.3,359.2,2093.3,7.0,8.0,3.0,2069.039,112.196
North Macedonia,2010,3471.3,904.6,2298.6,7.0,8.0,3.0,2070.741,109.856
North Macedonia,2011,3912.8,825.8,2611.4,5.0,8.0,2.0,2072.487,120.889
North Macedonia,2012,3137.4,592.9,2961.9,5.0,11.0,2.0,2074.278,112.619
North Macedonia,2013,3922.7,1038.4,3222.5,5.0,9.0,2.0,2076.067,127.182
North Macedonia,2014,3797.4,733.7,3446.6,6.0,10.0,2.0,2077.775,127.435
North Macedonia,2015,3728.8,729.0,2595.7,5.0,11.0,2.0,2079.328,126.123
North Macedonia,2016,3300.7,731.7,3294.0,4.0,13.0,2.0,2080.743,120.3
North Macedonia,2017,3058.1,960.2,2420.5,5.0,13.0,2.0,2081.996,120.307
North Macedonia,2018,3101.1,950.6,2469.1,4.0,13.0,1.0,2082.957,119.333
Norway,1992,5142.8,3673.7,3921.5,85.0,91.0,23.0,4292.683,110.5
Norway,1993,4506.6,3022.2,3498.7,84.0,90.0,23.0,4316.788,110.5
Norway,1994,4569.5,2976.9,3413.3,87.0,91.0,26.0,4341.615,106.75
Norway,1995,4834.9,3092.2,3649.5,84.0,96.0,29.0,4366.995,111.153
Norway,1996,4690.1,2821.8,3431.1,85.0,103.0,32.0,4393.209,113.527
Norway,1997,4360.0,2409.0,2881.2,88.0,105.0,33.0,4420.262,110.288
Norway,1998,4019.8,2184.2,2888.0,91.0,106.0,34.0,4447.486,105.885
Norway,1999,3486.3,2132.3,2540.0,96.0,109.0,39.0,4474.004,103.534
Norway,2000,2964.2,1850.8,2085.9,91.0,103.0,45.0,4499.367,97.367
Norway,2001,3129.6,1727.1,2206.5,86.0,109.0,44.0,4523.145,92.938
Norway,2002,3588.5,2037.9,2704.2,85.0,104.0,48.0,4546.019,90.451
Norway,2003,4256.9,2288.1,3077.6,85.0,106.0,49.0,4570.106,86.632
Norway,2004,4671.6,2274.2,3042.7,87.0,114.0,54.0,4598.214,81.431
Norway,2005,5046.2,2301.9,3081.1,87.0,113.0,56.0,4632.364,75.287
Norway,2006,5154.9,2345.1,3028.1,88.0,116.0,63.0,4672.994,76.478
Norway,2007,5901.0,2652.8,3737.8,85.0,118.0,70.0,4719.402,69.674
Norway,2008,6560.3,2937.9,4131.2,86.0,123.0,84.0,4771.019,64.626
Norway,2009,6335.6,2663.7,3732.3,85.0,124.0,82.0,4826.848,67.448
Norway,2010,6624.5,2862.2,3934.4,84.0,129.0,85.0,4885.878,63.69
Norway,2011,7413.6,3193.8,4375.0,82.0,131.0,85.0,4948.33,60.015
Norway,2012,7731.8,3257.4,4302.5,78.0,132.0,91.0,5013.709,57.497
Norway,2013,8081.7,3354.9,4098.7,84.0,128.0,104.0,5079.455,57.257
Norway,2014,7723.3,3189.6,3956.1,79.0,129.0,106.0,5142.265,58.916
Norway,2015,6232.5,2440.4,3441.1,80.0,135.0,93.0,5199.836,52.962
Norway,2016,6137.9,2361.8,3284.4,82.0,138.0,98.0,5250.949,54.952
Norway,2017,6338.5,2317.5,3157.8,85.0,137.0,101.0,5296.326,54.411
Norway,2018,6311.7,2455.6,3114.7,89.0,137.0,98.0,5337.962,56.488
Peru,1992,3194.7,2514.0,2012.4,111.0,73.0,320.0,22966.818,19.535
Peru,1993,3156.0,2478.5,1750.2,107.0,76.0,303.0,23408.131,17.474
Peru,1994,3555.4,2448.3,2210.9,102.0,78.0,317.0,23851.408,11.43
Peru,1996,3868.3,2320.1,2358.9,110.0,83.0,386.0,24753.824,366.597
Peru,1997,3503.1,2595.9,2076.8,118.0,87.0,444.0,25210.954,515.041
Peru,1998,3299.3,2490.4,2020.5,124.0,71.0,460.0,25658.062,367.35
Peru,1999,1958.7,1672.9,1304.3,125.0,89.0,494.0,26078.293,420.319
Peru,2000,1932.7,1608.0,1272.2,130.0,92.0,542.0,26459.944,482.174
Peru,2001,1945.9,1600.3,1281.2,132.0,94.0,518.0,26799.285,667.81
Philippines,1991,2519.1,2007.0,1704.2,127.0,845.0,288.0,63454.786,10403.0
Philippines,1992,3064.8,2482.1,2013.5,130.0,845.0,308.0,65020.116,10869.0
Philippines,1993,2904.5,2237.6,1826.0,137.0,881.0,366.0,66593.904,11194.0
Philippines,1994,3327.0,2531.7,2154.7,136.0,922.0,382.0,68180.859,11249.0
Philippines,1995,3523.3,2361.1,2488.1,147.0,970.0,421.0,69784.088,11323.0
Philippines,2006,2597.3,1830.6,1929.0,252.0,1565.0,684.0,87888.675,10093.887
Philippines,2007,2867.3,2269.1,2206.5,288.0,1617.0,778.0,89405.482,10188.071
Philippines,2008,3293.1,2325.9,2647.4,286.0,1606.0,845.0,90901.965,10453.317
Philippines,2009,3232.8,2443.0,2568.3,288.0,1629.0,858.0,92414.158,10426.001
Philippines,2010,3626.3,2724.7,2867.9,300.0,1636.0,899.0,93966.78,10335.681
Philippines,2011,3866.3,2855.4,2938.1,301.0,1642.0,951.0,95570.05,10609.419
Philippines,2012,3995.4,2949.0,2985.8,295.0,1653.0,1018.0,97212.643,12092.738
Philippines,2013,4105.0,2665.6,3221.2,297.0,1681.0,1079.0,98871.555,11835.387
Philippines,2014,4072.6,2663.8,3233.3,301.0,1691.0,1152.0,100513.142,11587.961
Philippines,2015,4050.6,2674.2,3062.1,305.0,1776.0,1222.0,102113.212,11425.539
Poland,1996,1952.1,1688.4,1448.9,415.0,2064.0,443.0,38509.666,3309.75
Poland,2004,1780.3,1188.3,1483.1,311.0,1956.0,796.0,38399.558,2408.686
Poland,2005,2405.4,1231.1,1533.7,310.0,1956.0,892.0,38368.949,2452.089
Poland,2006,2503.6,1166.6,1488.2,363.0,2098.0,919.0,38354.45,2303.809
Poland,2007,2740.2,1658.8,1624.8,380.0,2151.0,1022.0,38353.338,2246.615
Poland,2008,3216.0,1906.9,2161.1,393.0,1920.0,865.0,38356.786,2206.252
Poland,2009,2786.5,1570.0,1898.0,397.0,1736.0,1195.0,38351.916,2106.951
Poland,2010,2907.6,1540.5,1675.0,401.0,1895.0,1256.0,38329.781,2018.488
Poland,2011,3619.2,1813.8,1981.7,391.0,1936.0,1295.0,38286.831,2008.065
Poland,2012,3777.1,1718.3,2155.1,383.0,1849.0,1548.0,38227.044,1960.231
Poland,2013,3770.0,1775.0,2215.2,386.0,1745.0,1669.0,38158.041,1866.985
Poland,2014,3635.2,1700.4,1984.8,446.0,1865.0,1839.0,38091.089,1819.483
Poland,2015,3070.7,1344.5,1479.8,487.0,1976.0,1958.0,38034.079,1849.426
Portugal,2004,7118.1,1334.9,1767.2,118.0,315.0,231.0,10470.921,623.504
Portugal,2005,6705.9,1264.0,1782.6,118.0,327.0,235.0,10508.495,608.271
Portugal,2006,5723.0,1151.3,2094.2,105.0,339.0,231.0,10542.83,604.843
Portugal,2008,7167.8,1064.8,2309.9,109.0,381.0,275.0,10595.314,585.328
Portugal,2009,6485.1,1015.3,2193.7,103.0,374.0,282.0,10604.056,568.765
Portugal,2010,6416.1,763.6,2140.5,93.0,385.0,286.0,10596.058,548.541
Portugal,2011,6810.2,975.4,2289.0,96.0,384.0,282.0,10569.38,483.944
Portugal,2012,6366.6,979.7,2281.4,93.0,362.0,283.0,10526.308,491.393
Portugal,2013,6609.6,883.2,2520.2,84.0,346.0,283.0,10473.021,453.104
Portugal,2014,6841.9,977.7,2286.5,80.0,382.0,314.0,10418.218,389.097
Portugal,2015,6042.7,719.1,1648.3,89.0,400.0,329.0,10368.351,342.522
Republic of Korea,2004,12419.5,1856.0,2766.2,186.0,960.0,432.0,48493.441,1904.8
Republic of Korea,2005,14153.3,2141.8,3337.3,195.0,899.0,536.0,48701.073,1816.9
Republic of Korea,2006,13804.4,2481.9,4217.7,200.0,1000.0,563.0,48880.451,1773.5
Republic of Korea,2007,15592.1,1942.9,3599.7,219.0,1043.0,570.0,49034.81,1720.0
Republic of Korea,2008,12344.6,1536.8,2709.8,246.0,1056.0,565.0,49182.456,1698.2
Republic of Korea,2009,9677.2,1860.6,2916.6,283.0,1062.0,613.0,49347.461,1659.6
Republic of Korea,2010,11895.4,2536.4,3520.3,247.0,1110.0,653.0,49545.636,1586.3
Republic of Moldova,1999,502.5,977.9,672.4,21.0,61.0,16.0,4225.829,731.0
Republic of Moldova,2000,611.6,1040.8,804.4,18.0,50.0,16.0,4202.658,770.4
Republic of Moldova,2001,873.3,1376.2,1340.9,16.0,44.0,20.0,4187.093,764.8
Republic of Moldova,2002,1010.1,1242.2,1253.0,16.0,45.0,21.0,4178.23,747.1
Republic of Moldova,2003,740.9,1193.3,852.7,16.0,43.0,22.0,4173.274,583.2
Republic of Moldova,2004,1062.6,1567.2,1394.7,16.0,41.0,25.0,4167.959,532.9
Republic of Moldova,2005,1462.6,1760.1,2015.8,16.0,40.0,28.0,4159.293,535.5
Republic of Moldova,2006,1429.0,1426.0,1615.4,15.0,48.0,31.0,4146.265,422.4
Republic of Moldova,2007,1422.2,1944.9,1672.1,15.0,59.0,32.0,4130.136,408.6
Republic of Moldova,2008,2703.3,2773.3,3545.1,11.0,35.0,30.0,4112.891,388.6
Republic of Moldova,2009,2600.7,2195.2,3087.3,11.0,42.0,35.0,4097.518,333.675
Republic of Moldova,2010,1997.3,2136.9,2741.4,10.0,57.0,41.0,4086.081,314.671
Republic of Moldova,2011,2747.0,2282.1,2533.5,10.0,64.0,42.0,4079.164,323.025
Republic of Moldova,2012,2863.8,2412.6,2950.7,10.0,64.0,39.0,4075.808,303.334
Republic of Moldova,2013,3334.2,2184.3,2704.2,8.0,61.0,43.0,4074.591,337.876
Republic of Moldova,2014,2827.5,2276.8,2798.7,8.0,61.0,47.0,4073.407,157.715
Republic of Moldova,2015,2220.1,1649.1,1670.9,8.0,72.0,47.0,4070.7,338.287
Romania,2004,1739.7,1635.8,1938.5,162.0,374.0,303.0,21577.885,3023.64
Romania,2005,2599.8,1966.6,2553.5,190.0,436.0,309.0,21417.291,2943.139
Romania,2006,2636.2,1762.2,2527.6,159.0,452.0,273.0,21234.305,2843.477
Romania,2007,2540.7,2251.6,2477.1,165.0,470.0,312.0,21034.189,2762.002
Romania,2008,2828.6,2354.2,2921.9,150.0,439.0,316.0,20829.517,2689.337
Romania,2009,3353.2,2046.4,2613.7,155.0,471.0,371.0,20637.991,2689.065
Romania,2010,3085.4,1935.2,2341.2,154.0,429.0,349.0,20471.864,2701.975
Romania,2011,3081.7,2168.2,2499.5,142.0,454.0,327.0,20336.718,2494.899
Romania,2012,3140.0,2035.6,2479.7,114.0,443.0,352.0,20227.469,2556.748
Romania,2013,3335.4,2379.9,2740.5,96.0,396.0,323.0,20132.776,2500.753
Romania,2014,3553.1,2322.9,2705.1,108.0,460.0,397.0,20035.93,2441.852
Romania,2015,2949.5,1834.9,2057.1,119.0,470.0,411.0,19925.175,2183.835
Romania,2016,2775.2,1813.2,2037.3,116.0,501.0,419.0,19796.285,1951.928
Romania,2017,2782.2,1806.3,2245.5,111.0,492.0,436.0,19653.969,1974.875
Romania,2018,3263.9,1862.2,2268.1,99.0,481.0,480.0,19506.114,1938.113
Russian Federation,1997,1969.3,2036.7,2459.7,2394.0,1546.0,630.0,147730.019,7296.0
Russian Federation,1998,2008.1,2063.8,2337.0,2247.0,1505.0,690.0,147360.604,6833.0
Russian Federation,1999,1267.6,1037.3,1321.7,1868.0,1485.0,748.0,146915.915,9446.785
Russian Federation,2000,1266.1,1104.6,1321.8,1894.0,1569.0,755.0,146404.903,9430.257
Russian Federation,2001,1711.0,1388.0,1904.7,1873.0,1498.0,862.0,145830.721,7844.0
Russian Federation,2002,1628.8,1287.5,1742.7,1957.0,1583.0,938.0,145215.7,7556.321
Russian Federation,2003,1630.6,1420.7,1713.3,1990.0,1706.0,1030.0,144610.882,7165.167
Russian Federation,2005,2729.8,1969.9,2910.1,1794.0,1520.0,1346.0,143672.116,6929.655
Russian Federation,2006,3241.9,1888.2,3080.2,1705.0,1641.0,1580.0,143403.256,6830.859
Russian Federation,2007,3484.3,2209.4,3085.3,1690.0,1873.0,1869.0,143266.212,6346.25
Russian Federation,2008,4161.4,2535.2,4106.2,1769.0,2042.0,2001.0,143248.764,6058.388
Russian Federation,2009,3623.5,2248.7,3608.6,1741.0,2169.0,2313.0,143326.913,5738.967
Russian Federation,2010,4203.2,2329.1,3812.2,1727.0,2331.0,2563.0,143479.274,5417.958
Russian Federation,2011,5282.5,2476.6,4243.0,1625.0,2428.0,2895.0,143703.025,5446.201
Russian Federation,2012,5371.6,2450.4,4464.9,1642.0,2559.0,3299.0,143993.892,5241.508
Russian Federation,2013,5246.8,2337.6,3746.0,1633.0,2816.0,3457.0,144325.449,4991.88
Russian Federation,2014,4476.4,2175.7,3926.6,1654.0,2974.0,3770.0,144664.841,4810.593
Russian Federation,2015,3992.8,1535.1,2757.8,1649.0,3099.0,4088.0,144985.057,4852.766
Russian Federation,2016,3751.7,1408.3,2238.4,1589.0,3355.0,4232.0,145275.383,4863.16
Russian Federation,2017,3961.6,1603.6,2572.3,1569.0,3516.0,4542.0,145530.082,4268.046
Russian Federation,2018,3639.0,1557.2,2465.2,1608.0,3744.0,4543.0,145734.038,4266.767
Rwanda,2018,2587.0,2514.4,3308.5,33.0,9.0,16.0,12301.97,1274.746
Saint Lucia,2002,4074.1,2829.6,4074.1,0.0,1.0,2.0,159.392,7.135
Saint Lucia,2003,4074.1,2803.7,4074.1,0.0,1.0,2.0,160.53,8.285
Saint Lucia,2004,4074.1,4481.5,4074.1,0.0,1.0,2.0,161.816,9.243
Saint Lucia,2005,4074.1,4481.5,4074.1,0.0,1.0,2.0,163.417,8.596
Saint Lucia,2006,4074.1,4481.5,4074.1,0.0,1.0,2.0,165.381,9.043
Saint Lucia,2017,6518.5,4318.5,4481.5,0.0,2.0,2.0,180.954,8.112
Saint Lucia,2018,6518.5,4318.5,4807.4,0.0,2.0,2.0,181.889,8.815
Serbia,2006,2824.3,1467.3,1498.5,83.0,255.0,75.0,9145.914,540.295
Serbia,2007,4010.0,1838.0,1838.0,95.0,289.0,70.0,9101.185,552.592
Serbia,2008,4814.5,1974.8,2883.5,99.0,266.0,76.0,9060.103,705.981
Serbia,2009,4528.9,1658.1,2675.1,100.0,252.0,80.0,9023.357,623.433
Serbia,2010,3810.4,1553.8,2013.2,96.0,269.0,84.0,8991.254,535.124
Serbia,2011,4849.2,1986.7,2370.5,81.0,271.0,103.0,8963.769,478.111
Serbia,2012,4576.2,1809.3,2520.3,79.0,293.0,95.0,8940.113,467.104
Serbia,2013,4853.3,2084.4,2663.0,68.0,303.0,93.0,8918.904,491.952
Serbia,2014,4758.5,1829.0,2532.3,73.0,320.0,86.0,8898.289,508.136
Serbia,2015,3823.1,1383.6,1751.3,66.0,288.0,76.0,8876.777,499.61
Slovakia,2004,2539.7,1255.8,1566.4,26.0,165.0,85.0,5399.38,109.171
Slovakia,2005,2735.7,1266.2,1697.4,26.0,140.0,88.0,5398.963,105.037
Slovakia,2006,2943.6,1204.0,1768.8,21.0,122.0,88.0,5398.673,100.92
Slovakia,2007,3458.2,1559.8,1853.6,23.0,114.0,84.0,5398.692,99.254
Slovakia,2008,3950.7,1965.1,2230.1,20.0,102.0,78.0,5399.371,96.259
Slovakia,2009,3917.7,1573.2,2081.1,18.0,88.0,76.0,5401.153,84.895
Slovakia,2010,3691.4,1491.8,1849.0,16.0,84.0,71.0,5404.294,74.944
Slovakia,2011,3885.3,1810.6,1951.8,13.0,84.0,64.0,5408.937,71.265
Slovakia,2012,3748.3,1721.1,1953.0,13.0,71.0,64.0,5414.889,75.381
Slovakia,2013,3915.7,1893.8,2160.8,12.0,65.0,64.0,5421.725,77.071
Slovakia,2014,3911.9,1749.2,2065.8,12.0,63.0,58.0,5428.803,82.642
Slovakia,2015,3342.5,1381.5,1534.4,11.0,52.0,58.0,5435.611,77.05
Slovenia,1993,2637.5,1353.1,1731.0,52.0,65.0,53.0,2000.556,90.0
Slovenia,1994,3025.0,1379.4,1787.4,52.0,71.0,49.0,1995.335,98.0
Slovenia,1995,3966.3,1558.7,2108.0,51.0,61.0,62.0,1991.131,92.0
Slovenia,1996,3472.2,1611.2,2014.3,54.0,63.0,65.0,1988.565,89.001
Slovenia,1997,3025.6,1415.8,1971.7,54.0,59.0,68.0,1987.455,108.162
Slovenia,1998,3160.7,1314.8,1741.5,48.0,65.0,57.0,1987.385,108.708
Slovenia,1999,2971.1,1179.8,1469.4,48.0,71.0,53.0,1987.632,96.06
Slovenia,2000,2421.8,994.4,1409.2,43.0,60.0,54.0,1987.717,85.245
Slovenia,2001,2174.0,1026.6,1584.3,49.0,66.0,59.0,1987.461,89.878
Slovenia,2002,2255.8,1049.3,1383.7,43.0,62.0,53.0,1987.267,88.517
Slovenia,2003,2612.1,1301.3,1508.7,52.0,74.0,57.0,1987.862,75.106
Slovenia,2004,2855.1,1520.0,1684.1,47.0,71.0,53.0,1990.222,91.495
Slovenia,2005,3186.0,1420.1,1776.7,45.0,63.0,55.0,1994.976,86.1
Slovenia,2006,3345.3,1437.5,1812.2,39.0,61.0,50.0,2002.43,91.735
Slovenia,2007,3657.7,1722.0,1835.9,38.0,57.0,49.0,2012.118,96.348
Slovenia,2008,4129.2,2205.1,2171.7,37.0,55.0,59.0,2023.052,85.183
Slovenia,2009,3981.4,1981.1,1900.5,35.0,44.0,60.0,2033.804,88.971
Slovenia,2010,3795.8,1885.6,1835.9,36.0,44.0,61.0,2043.337,84.843
Slovenia,2011,4404.4,2119.7,2074.0,36.0,39.0,58.0,2051.287,80.094
Slovenia,2012,4470.5,1956.7,2212.1,33.0,36.0,59.0,2057.823,77.131
Slovenia,2013,4490.0,2177.5,2311.7,32.0,30.0,57.0,2063.11,76.637
Slovenia,2014,4303.4,2037.7,2314.3,32.0,30.0,60.0,2067.488,87.737
Slovenia,2015,3609.3,1591.8,1829.0,34.0,27.0,59.0,2071.199,64.143
South Africa,2000,1237.8,1194.1,1220.6,625.0,104.0,821.0,44967.708,1017.014
South Africa,2001,1064.8,1094.3,1018.9,525.0,111.0,898.0,45571.274,1019.045
South Africa,2002,1117.4,1052.5,1076.8,574.0,111.0,930.0,46150.913,1088.94
South Africa,2003,1677.4,1507.3,1426.5,610.0,134.0,905.0,46719.196,1001.03
South Africa,2004,2157.2,1766.3,1651.0,655.0,145.0,912.0,47291.61,935.495
South Africa,2005,2334.7,1789.7,1629.0,705.0,147.0,955.0,47880.601,763.463
South Africa,2006,2777.8,1798.7,1598.3,804.0,151.0,977.0,48489.459,759.058
South Africa,2007,2796.6,1957.4,1841.9,805.0,225.0,1132.0,49119.759,773.626
South Africa,2008,2578.2,1810.4,1825.5,783.0,296.0,1334.0,49779.471,820.053
South Africa,2009,2616.2,1996.4,1848.4,771.0,313.0,1394.0,50477.011,723.787
South Africa,2010,3122.0,2262.6,2021.7,848.0,204.0,1478.0,51216.964,675.824
South Africa,2011,3826.8,2370.2,2291.1,829.0,203.0,1492.0,52003.755,652.138
South Africa,2012,3476.0,2414.1,2219.1,844.0,211.0,1496.0,52832.658,702.801
South Africa,2013,2901.6,2166.9,1968.7,953.0,216.0,1679.0,53687.121,748.524
South Africa,2014,2894.4,1856.3,1941.0,1001.0,234.0,1724.0,54544.186,711.622
South Africa,2015,2614.1,1713.4,1762.2,1073.0,237.0,1734.0,55386.367,892.704
South Africa,2016,2489.2,1505.6,1599.1,1090.0,240.0,1685.0,56207.646,888.829
South Africa,2017,3339.6,2015.1,1988.6,1014.0,235.0,1665.0,57009.756,864.096
South Africa,2018,3428.5,2081.7,1752.0,1003.0,265.0,1762.0,57792.518,856.935
Spain,1991,2589.7,1179.2,2253.2,509.0,1877.0,880.0,39299.081,1345.025
Spain,1992,2476.2,1223.1,2416.2,539.0,1918.0,858.0,39410.857,1253.127
Spain,1993,2428.8,1055.5,1685.3,488.0,2089.0,836.0,39533.725,1205.556
Spain,1994,2361.4,1058.1,1753.4,484.0,2124.0,874.0,39660.069,1156.492
Spain,1995,2371.2,978.6,2114.8,508.0,2175.0,924.0,39787.419,1123.201
Spain,1996,2050.7,1151.2,2276.5,565.0,2356.0,887.0,39908.959,1068.945
Spain,1997,1869.7,941.9,2063.1,592.0,2401.0,906.0,40035.293,1067.692
Spain,1998,1918.3,888.4,1460.6,651.0,2744.0,1051.0,40201.56,1063.598
Spain,1999,1829.5,714.6,1282.8,661.0,2893.0,1002.0,40454.47,1054.363
Spain,2000,1559.7,798.8,1429.5,651.0,2905.0,990.0,40824.754,1032.634
Spain,2001,1385.3,850.7,1718.9,651.0,2989.0,1039.0,41319.427,1053.715
Spain,2002,1680.8,931.0,1402.2,679.0,3070.0,1226.0,41919.585,1006.923
Spain,2003,1979.7,1258.1,1593.7,706.0,3190.0,1227.0,42596.453,993.976
Spain,2004,2081.0,1418.8,1886.0,714.0,3076.0,1133.0,43308.345,987.992
Spain,2005,2188.8,1475.8,1936.3,715.0,3168.0,1146.0,44019.123,1017.85
Spain,2006,2543.6,1624.9,1457.7,670.0,3235.0,1139.0,44728.565,958.18
Spain,2015,2561.8,1227.7,1263.1,626.0,3855.0,1374.0,46671.926,736.759
Spain,2016,2650.9,1142.0,1260.5,637.0,4181.0,1518.0,46634.14,774.604
Spain,2017,2808.2,1309.1,1423.3,644.0,4299.0,1515.0,46647.428,819.435
Spain,2018,2776.1,1367.9,1351.4,669.0,4530.0,1622.0,46692.858,812.55
Sri Lanka,1993,519.3,1205.2,775.4,35.0,2.0,39.0,17924.823,1960.709
Sri Lanka,1994,547.5,1261.3,815.8,35.0,2.0,50.0,18094.477,2191.58
Sri Lanka,1995,589.6,1299.9,736.7,37.0,2.0,54.0,18242.912,1985.32
Sri Lanka,1996,657.9,1325.1,930.2,33.0,2.0,56.0,18367.288,1962.67
Sri Lanka,1997,683.1,1354.5,1311.3,33.0,2.0,58.0,18470.9,2080.72
Sri Lanka,1998,665.4,1349.9,1306.8,29.0,2.0,59.0,18564.599,2472.29
Sri Lanka,2002,547.5,1067.2,1111.4,31.0,2.0,86.0,19062.482,2247.602
Sri Lanka,2003,583.9,1090.8,1038.2,33.0,2.0,88.0,19224.037,2384.397
Sri Lanka,2004,593.5,1193.0,1067.2,32.0,2.0,95.0,19387.153,2510.295
Sri Lanka,2005,657.9,1422.1,1242.8,33.0,2.0,97.0,19544.988,2306.039
Sri Lanka,2006,783.4,1553.1,1538.8,30.0,2.0,79.0,19695.972,2287.3
Sri Lanka,2007,881.3,1490.0,1772.9,27.0,2.0,100.0,19842.044,2202.1
Sri Lanka,2008,955.3,1835.7,626.4,26.0,2.0,103.0,19983.984,2344.415
Sri Lanka,2009,990.3,1742.8,662.7,27.0,2.0,99.0,20123.508,2475.921
Sri Lanka,2010,1132.3,2043.5,733.3,33.0,1.0,102.0,20261.737,2322.213
Sri Lanka,2011,1183.1,1973.0,834.6,27.0,2.0,103.0,20398.497,2257.31
Sri Lanka,2012,1124.4,1788.5,686.2,29.0,2.0,103.0,20532.6,2519.271
Sri Lanka,2013,1219.8,1848.1,790.2,29.0,2.0,107.0,20663.046,2320.853
Sri Lanka,2014,1250.1,2615.5,894.6,24.0,2.0,144.0,20788.511,2223.108
Suriname,1992,2747.3,2142.9,2648.4,3.0,1.0,9.0,420.655,3.75
Suriname,1993,2193.0,3157.9,2105.3,2.0,1.0,7.0,428.03,3.724
Suriname,1994,2500.0,2108.3,2916.7,2.0,2.0,4.0,435.105,4.76
Suriname,1995,1388.9,2168.0,2371.3,2.0,1.0,4.0,441.851,5.723
Suriname,1996,1616.0,2319.2,2805.5,2.0,1.0,4.0,448.213,5.113
Suriname,1997,1668.3,2390.4,2801.3,2.0,1.0,4.0,454.161,4.307
Suriname,1998,2079.2,3050.3,3112.5,2.0,1.0,3.0,459.831,4.926
Suriname,1999,1019.1,2146.0,2057.3,2.0,1.0,4.0,465.385,4.456
Suriname,2013,6212.1,4433.3,3106.1,2.0,2.0,8.0,547.291,4.599
Suriname,2015,6439.0,3772.6,2780.5,1.0,2.0,9.0,559.143,3.202
Sweden,1995,3217.3,1484.1,1825.2,143.0,309.0,82.0,8836.42,141.444
Sweden,1996,2915.3,1507.1,1847.6,138.0,319.0,85.0,8859.191,129.492
Sweden,1997,2437.5,1216.5,1700.1,149.0,329.0,92.0,8868.853,126.918
Sweden,1998,2456.6,1180.3,1267.9,143.0,330.0,89.0,8870.848,120.205
Sweden,1999,2201.5,1107.5,1137.7,145.0,325.0,96.0,8873.1,121.029
Sweden,2000,1996.2,991.3,1178.8,150.0,277.0,92.0,8881.64,119.825
Sweden,2001,1767.8,909.8,1233.4,143.0,276.0,99.0,8897.793,114.506
Sweden,2002,1776.7,1007.3,1131.8,147.0,284.0,104.0,8920.71,109.462
Sweden,2003,2124.6,1146.9,1183.5,140.0,288.0,101.0,8951.436,110.716
Switzerland,2004,6866.1,3099.6,3801.4,134.0,227.0,63.0,7323.737,153.123
Switzerland,2005,6732.3,3018.6,2875.8,132.0,236.0,61.0,7386.816,154.106
Switzerland,2006,6979.6,2944.0,2734.9,135.0,244.0,52.0,7457.958,153.495
Switzerland,2007,7507.5,2923.0,2986.5,133.0,242.0,60.0,7536.982,163.882
Switzerland,2008,8496.0,3387.6,4022.7,135.0,231.0,64.0,7622.821,140.042
Switzerland,2009,7821.9,3419.4,3447.3,142.0,238.0,65.0,7713.898,131.172
Switzerland,2010,8092.8,3451.9,3199.7,143.0,249.0,69.0,7808.675,138.906
Switzerland,2011,9523.6,4011.0,3583.3,144.0,249.0,73.0,7906.992,144.468
Switzerland,2012,9120.2,3806.2,3266.5,144.0,243.0,76.0,8008.012,147.765
Switzerland,2013,9525.3,3914.1,4228.1,143.0,235.0,80.0,8108.878,149.603
Switzerland,2014,9770.8,3946.9,3987.1,144.0,242.0,85.0,8206.002,154.838
Switzerland,2015,9788.0,3713.1,3159.8,142.0,241.0,87.0,8296.775,151.89
Thailand,1991,1838.8,1145.1,1646.0,320.0,515.0,873.0,57232.465,18777.3
Thailand,1992,1861.0,1040.2,1725.6,390.0,493.0,1040.0,57811.021,19704.7
Thailand,1993,1739.0,1074.3,1313.2,404.0,501.0,1056.0,58337.773,18244.5
Thailand,1994,1755.5,1199.6,1489.5,377.0,562.0,996.0,58875.269,17960.2
Thailand,1995,1789.3,1588.2,2017.2,359.0,548.0,1007.0,59467.274,16929.2
Thailand,2003,2548.9,811.1,1153.9,145.0,867.0,1337.0,64549.866,15561.5
Thailand,2004,2758.0,880.4,1612.1,153.0,872.0,954.0,64995.299,13633.868
Thailand,2005,2655.4,1115.4,1785.5,155.0,894.0,1093.0,65416.189,13616.965
Thailand,2006,2920.8,1041.1,1800.8,163.0,935.0,1155.0,65812.536,14170.505
Thailand,2007,2788.6,1219.3,1610.2,183.0,1041.0,1193.0,66182.067,14306.008
Thailand,2008,2447.0,1398.5,2319.7,205.0,903.0,1235.0,66530.984,14699.118
Thailand,2009,2348.8,1390.5,2404.8,211.0,809.0,1232.0,66866.839,14692.548
Thailand,2010,2532.2,1687.7,2744.8,223.0,862.0,1301.0,67195.028,14546.874
Thailand,2011,3021.9,1919.0,3115.1,207.0,880.0,1334.0,67518.388,16114.029
Thailand,2012,3444.4,1690.2,2642.3,210.0,886.0,1410.0,67835.962,16663.524
Thailand,2013,4241.0,1759.5,3082.4,195.0,891.0,1470.0,68144.518,15158.394
Thailand,2014,5679.5,1641.4,3350.1,162.0,949.0,1814.0,68438.746,12732.721
Thailand,2015,5666.3,1399.4,2796.3,170.0,955.0,1768.0,68714.511,12271.911
Thailand,2016,6314.1,1322.4,2749.4,166.0,1005.0,1783.0,68971.308,11746.615
Thailand,2017,5256.0,1373.0,2519.8,173.0,994.0,1788.0,69209.81,11783.27
Togo,2017,3272.2,2583.3,2583.3,11.0,10.0,35.0,7698.474,714.52
Trinidad and Tobago,2007,10103.3,2420.9,7174.8,0.0,4.0,53.0,1308.451,22.4
Trinidad and Tobago,2008,11518.4,2664.9,8052.0,1.0,3.0,53.0,1314.443,22.9
Trinidad and Tobago,2009,11920.8,2703.6,8608.0,1.0,3.0,58.0,1320.93,22.95
Trinidad and Tobago,2011,12754.5,2778.2,9162.6,1.0,3.0,64.0,1336.178,22.553
Turkey,1999,5095.5,1705.5,4049.7,355.0,0.0,615.0,62287.397,8855.5
Turkey,2000,4548.2,1570.2,5838.1,359.0,0.0,661.0,63240.194,7828.75
Ukraine,2003,869.9,1152.6,1099.7,723.0,631.0,324.0,47582.461,4105.7
Ukraine,2004,1388.9,1281.0,1853.2,618.0,559.0,375.0,47217.493,3998.3
Ukraine,2005,1946.4,1742.0,2718.8,562.0,494.0,497.0,46890.772,4005.5
Ukraine,2006,1776.8,1643.8,2282.9,568.0,526.0,589.0,46607.395,3649.1
Ukraine,2007,1965.1,1703.0,2064.3,546.0,635.0,692.0,46366.353,3484.5
Ukraine,2008,3029.6,2442.1,3427.3,480.0,590.0,799.0,46158.711,3322.1
Ukraine,2009,1895.0,1689.5,2488.4,454.0,527.0,897.0,45970.941,4035.3
Ukraine,2010,2010.9,1811.7,2162.4,428.0,631.0,956.0,45792.09,4089.7
Ukraine,2011,2573.1,1939.2,2358.0,399.0,704.0,998.0,45619.844,4117.6
Ukraine,2012,2663.2,2162.5,2767.7,389.0,701.0,1077.0,45453.806,4022.8
Ukraine,2013,2279.3,2086.2,2714.2,428.0,748.0,1171.0,45286.983,4082.8
Ukraine,2014,1945.3,1729.6,2125.9,413.0,743.0,1194.0,45111.532,2669.9
Ukraine,2015,1605.8,1333.3,1521.3,384.0,760.0,1173.0,44921.639,2508.8
United Kingdom of Great Britain and Northern Ireland,2004,4180.4,1362.1,1972.9,719.0,708.0,1564.0,59872.753,360.312
United Kingdom of Great Britain and Northern Ireland,2005,4184.2,1317.5,2050.2,762.0,706.0,1584.0,60287.954,394.612
United Kingdom of Great Britain and Northern Ireland,2006,4538.9,1321.6,2011.8,847.0,697.0,1516.0,60821.356,391.677
United Kingdom of Great Britain and Northern Ireland,2007,5026.9,1547.0,2027.2,882.0,739.0,1459.0,61455.162,398.345
United Kingdom of Great Britain and Northern Ireland,2008,5979.2,1791.9,2295.4,862.0,740.0,1430.0,62145.097,318.007
United Kingdom of Great Britain and Northern Ireland,2009,5397.5,1529.8,2234.3,833.0,720.0,1459.0,62828.616,320.537
United Kingdom of Great Britain and Northern Ireland,2010,5094.1,1623.9,2108.3,908.0,758.0,1570.0,63459.808,351.57
United States of America,2003,3082.5,1057.5,1164.8,12039.0,9056.0,17276.0,289815.562,2070.95
United States of America,2004,3319.3,1358.9,1590.1,11135.0,9303.0,18004.0,292354.658,2041.648
United States of America,2005,3470.2,1328.8,1539.4,11196.0,9383.0,18623.0,294993.511,1994.475
United States of America,2006,3371.9,1087.7,1428.2,11863.0,9550.0,18882.0,297758.969,2006.216
United States of America,2007,3477.2,1316.4,1446.5,11979.0,9951.0,19387.0,300608.429,1887.747
United States of America,2008,3445.6,1383.6,1459.2,12163.0,10599.0,19881.0,303486.012,1943.79
United States of America,2009,3105.3,1380.8,1294.4,11891.0,10442.0,18953.0,306307.567,1888.286
United States of America,2010,3566.7,1489.0,1680.3,12046.0,10186.0,19583.0,309011.475,1978.892
United States of America,2011,4370.2,1386.3,2028.2,11921.0,10331.0,19792.0,311584.047,2020.801
United States of America,2012,4719.3,1543.8,1993.0,11811.0,10554.0,19796.0,314043.885,1966.731
United States of America,2013,4835.1,1809.6,2087.3,11719.0,10525.0,20085.0,316400.538,1895.752
United States of America,2014,5917.5,1927.4,2376.1,11698.0,10368.0,20399.0,318673.411,1971.265
United States of America,2015,5686.0,1597.3,1716.9,10778.0,11121.0,21017.0,320878.31,2138.618
Uruguay,1992,668.1,1402.1,989.5,329.0,22.0,30.0,3154.464,51.8
Uruguay,1993,662.5,1516.6,1472.4,310.0,23.0,35.0,3177.745,45.2
Uruguay,1994,708.4,1490.9,1256.6,361.0,23.0,36.0,3201.151,50.8
Uruguay,1995,1102.5,1260.0,1260.0,318.0,22.0,41.0,3224.281,57.7
Uruguay,2000,1356.2,1288.5,1115.7,421.0,26.0,57.0,3319.736,40.698
Uruguay,2001,1202.0,1042.1,1031.6,329.0,23.0,56.0,3325.473,40.604
Uruguay,2002,921.1,982.2,663.8,405.0,20.0,46.0,3326.04,38.828
Uruguay,2003,1221.6,1128.2,704.0,414.0,17.0,31.0,3323.668,40.691
Uruguay,2004,1532.6,1181.5,880.0,499.0,17.0,42.0,3321.476,46.611
Uruguay,2005,1584.6,1150.2,1078.9,560.0,20.0,52.0,3321.803,43.062
Uruguay,2006,1722.6,1192.0,1122.8,599.0,19.0,61.0,3325.401,139.572
Uruguay,2007,1956.5,1670.4,1232.6,515.0,21.0,51.0,3331.749,141.55
Uruguay,2008,2407.2,1440.1,1501.2,519.0,21.0,76.0,3340.221,144.285
Uruguay,2009,1942.1,2038.3,1401.1,537.0,17.0,74.0,3349.676,153.327
Uruguay,2010,2648.6,1894.4,1587.8,516.0,17.0,70.0,3359.275,180.304
Uruguay,2011,3581.3,2071.0,1838.5,486.0,16.0,86.0,3368.934,160.745
Uruguay,2012,3487.8,2123.8,2264.8,510.0,17.0,93.0,3378.975,134.475
Uruguay,2013,3468.0,2203.2,2330.4,492.0,18.0,108.0,3389.443,150.164
Uruguay,2014,3268.1,2208.3,2144.9,518.0,17.0,72.0,3400.436,151.15
Uruguay,2015,3214.0,2131.6,2310.5,537.0,14.0,37.0,3412.009,145.442
Uruguay,2016,2890.0,1201.2,1872.8,565.0,15.0,36.0,3424.129,135.288
Uruguay,2017,2921.6,1318.2,2237.0,594.0,14.0,33.0,3436.641,143.717
Uruguay,2018,3189.6,1334.4,2278.3,590.0,13.0,32.0,3449.285,136.725
Venezuela (Bolivarian Republic of),1991,1790.5,1597.7,1865.7,337.0,111.0,346.0,20096.317,846.108
Venezuela (Bolivarian Republic of),1996,1759.0,1267.1,1360.7,350.0,138.0,476.0,22385.65,1056.431
Venezuela (Bolivarian Republic of),2003,1693.7,1279.3,1166.5,435.0,120.0,676.0,25551.624,1072.213
Venezuela (Bolivarian Republic of),2004,2657.7,1428.8,1924.2,376.0,101.0,686.0,25996.594,1078.353
Venezuela (Bolivarian Republic of),2005,2602.6,1719.5,2226.3,425.0,126.0,739.0,26432.447,1063.463
Venezuela (Bolivarian Republic of),2006,3036.7,1749.7,2814.5,516.0,137.0,735.0,26850.194,1031.77
Venezuela (Bolivarian Republic of),2007,3789.0,2165.6,3177.8,481.0,154.0,780.0,27247.61,994.97
Venezuela (Bolivarian Republic of),2008,4794.0,3066.8,4219.0,483.0,164.0,802.0,27635.832,994.509
Venezuela (Bolivarian Republic of),2009,5493.6,3068.2,5402.3,492.0,165.0,907.0,28031.009,1026.205
Venezuela (Bolivarian Republic of),2010,4834.4,2991.8,4627.2,470.0,202.0,1077.0,28439.94,1021.414
Venezuela (Bolivarian Republic of),2011,3256.2,2229.4,3930.3,489.0,220.0,1164.0,28887.874,983.344
Venezuela (Bolivarian Republic of),2012,4485.6,2710.2,4858.0,501.0,197.0,984.0,29360.837,958.249
Venezuela (Bolivarian Republic of),2013,5621.7,3923.7,5331.2,577.0,205.0,915.0,29781.04,961.749
Viet Nam,2007,1255.6,2926.4,1182.5,316.0,2663.0,432.0,85419.591,22674.295
Viet Nam,2009,2261.5,3768.7,1669.0,369.0,3036.0,608.0,87092.252,22827.225
Viet Nam,2010,2481.6,3735.4,1565.9,384.0,3036.0,531.0,87967.651,23970.221
Viet Nam,2011,2717.4,4186.4,2251.1,387.0,3099.0,599.0,88871.38,24581.317
Viet Nam,2012,3362.7,4230.6,2085.8,390.0,3160.0,626.0,89801.926,24347.933
Viet Nam,2013,3801.9,4515.7,1969.8,379.0,3218.0,633.0,90752.592,24435.388
Viet Nam,2014,4059.3,4465.9,2187.6,379.0,3351.0,731.0,91713.848,24427.569
Viet Nam,2015,4161.3,4413.4,2082.6,385.0,3492.0,796.0,92677.076,23258.101
Viet Nam,2016,4686.2,4093.1,2114.9,395.0,3665.0,842.0,93640.422,22313.932
Viet Nam,2017,4512.9,3852.8,1528.2,410.0,3733.0,892.0,94600.648,21564.822
Viet Nam,2018,4162.9,4270.1,1854.9,427.0,3816.0,947.0,95545.962,20465.122
Zambia,2018,3372.9,2595.7,4023.7,187.0,33.0,49.0,17351.708,673.139
